-- phpMyAdmin SQL Dump
-- version 5.0.4
-- https://www.phpmyadmin.net/
--
-- Host: 127.0.0.1
-- Generation Time: Jun 21, 2021 at 09:30 AM
-- Server version: 10.4.17-MariaDB
-- PHP Version: 7.4.13

SET SQL_MODE = "NO_AUTO_VALUE_ON_ZERO";
START TRANSACTION;
SET time_zone = "+00:00";


/*!40101 SET @OLD_CHARACTER_SET_CLIENT=@@CHARACTER_SET_CLIENT */;
/*!40101 SET @OLD_CHARACTER_SET_RESULTS=@@CHARACTER_SET_RESULTS */;
/*!40101 SET @OLD_COLLATION_CONNECTION=@@COLLATION_CONNECTION */;
/*!40101 SET NAMES utf8mb4 */;

--
-- Database: `geodb`
--

-- --------------------------------------------------------

--
-- Table structure for table `districts`
--

CREATE TABLE `districts` (
  `id` int(2) UNSIGNED NOT NULL,
  `division_id` int(2) UNSIGNED NOT NULL,
  `name` varchar(30) NOT NULL,
  `website` varchar(100) NOT NULL,
  `status` int(60) NOT NULL DEFAULT 1
) ENGINE=InnoDB DEFAULT CHARSET=utf8;

--
-- Dumping data for table `districts`
--

INSERT INTO `districts` (`id`, `division_id`, `name`, `website`, `status`) VALUES
(1, 3, 'Dhaka', 'www.dhaka.gov.bd', 1),
(2, 3, 'Faridpur', 'www.faridpur.gov.bd', 1),
(3, 3, 'Gazipur', 'www.gazipur.gov.bd', 1),
(4, 3, 'Gopalganj', 'www.gopalganj.gov.bd', 1),
(5, 8, 'Jamalpur', 'www.jamalpur.gov.bd', 1),
(6, 3, 'Kishoreganj', 'www.kishoreganj.gov.bd', 1),
(7, 3, 'Madaripur', 'www.madaripur.gov.bd', 1),
(8, 3, 'Manikganj', 'www.manikganj.gov.bd', 1),
(9, 3, 'Munshiganj', 'www.munshiganj.gov.bd', 1),
(10, 8, 'Mymensingh', 'www.mymensingh.gov.bd', 1),
(11, 3, 'Narayanganj', 'www.narayanganj.gov.bd', 1),
(12, 3, 'Narsingdi', 'www.narsingdi.gov.bd', 1),
(13, 8, 'Netrokona', 'www.netrokona.gov.bd', 1),
(14, 3, 'Rajbari', 'www.rajbari.gov.bd', 1),
(15, 3, 'Shariatpur', 'www.shariatpur.gov.bd', 1),
(16, 8, 'Sherpur', 'www.sherpur.gov.bd', 1),
(17, 3, 'Tangail', 'www.tangail.gov.bd', 1),
(18, 5, 'Bogura', 'www.bogra.gov.bd', 1),
(19, 5, 'Joypurhat', 'www.joypurhat.gov.bd', 1),
(20, 5, 'Naogaon', 'www.naogaon.gov.bd', 1),
(21, 5, 'Natore', 'www.natore.gov.bd', 1),
(22, 5, 'Nawabganj', 'www.chapainawabganj.gov.bd', 1),
(23, 5, 'Pabna', 'www.pabna.gov.bd', 1),
(24, 5, 'Rajshahi', 'www.rajshahi.gov.bd', 1),
(25, 5, 'Sirajgonj', 'www.sirajganj.gov.bd', 1),
(26, 6, 'Dinajpur', 'www.dinajpur.gov.bd', 1),
(27, 6, 'Gaibandha', 'www.gaibandha.gov.bd', 1),
(28, 6, 'Kurigram', 'www.kurigram.gov.bd', 1),
(29, 6, 'Lalmonirhat', 'www.lalmonirhat.gov.bd', 1),
(30, 6, 'Nilphamari', 'www.nilphamari.gov.bd', 1),
(31, 6, 'Panchagarh', 'www.panchagarh.gov.bd', 1),
(32, 6, 'Rangpur', 'www.rangpur.gov.bd', 1),
(33, 6, 'Thakurgaon', 'www.thakurgaon.gov.bd', 1),
(34, 1, 'Barguna', 'www.barguna.gov.bd', 1),
(35, 1, 'Barishal', 'www.barisal.gov.bd', 1),
(36, 1, 'Bhola', 'www.bhola.gov.bd', 1),
(37, 1, 'Jhalokati', 'www.jhalakathi.gov.bd', 1),
(38, 1, 'Patuakhali', 'www.patuakhali.gov.bd', 1),
(39, 1, 'Pirojpur', 'www.pirojpur.gov.bd', 1),
(40, 2, 'Bandarban', 'www.bandarban.gov.bd', 1),
(41, 2, 'Brahmanbaria', 'www.brahmanbaria.gov.bd', 1),
(42, 2, 'Chandpur', 'www.chandpur.gov.bd', 1),
(43, 2, 'Chattogram', 'www.chittagong.gov.bd', 1),
(44, 2, 'Cumilla', 'www.comilla.gov.bd', 1),
(45, 2, 'Cox\'s Bazar', 'www.coxsbazar.gov.bd', 1),
(46, 2, 'Feni', 'www.feni.gov.bd', 1),
(47, 2, 'Khagrachari', 'www.khagrachhari.gov.bd', 1),
(48, 2, 'Lakshmipur', 'www.lakshmipur.gov.bd', 1),
(49, 2, 'Noakhali', 'www.noakhali.gov.bd', 1),
(50, 2, 'Rangamati', 'www.rangamati.gov.bd', 1),
(51, 7, 'Habiganj', 'www.habiganj.gov.bd', 1),
(52, 7, 'Maulvibazar', 'www.moulvibazar.gov.bd', 1),
(53, 7, 'Sunamganj', 'www.sunamganj.gov.bd', 1),
(54, 7, 'Sylhet', 'www.sylhet.gov.bd', 1),
(55, 4, 'Bagerhat', 'www.bagerhat.gov.bd', 1),
(56, 4, 'Chuadanga', 'www.chuadanga.gov.bd', 1),
(57, 4, 'Jashore', 'www.jessore.gov.bd', 1),
(58, 4, 'Jhenaidah', 'www.jhenaidah.gov.bd', 1),
(59, 4, 'Khulna', 'www.khulna.gov.bd', 1),
(60, 4, 'Kushtia', 'www.kushtia.gov.bd', 1),
(61, 4, 'Magura', 'www.magura.gov.bd', 1),
(62, 4, 'Meherpur', 'www.meherpur.gov.bd', 1),
(63, 4, 'Narail', 'www.narail.gov.bd', 1),
(64, 4, 'Satkhira', 'www.satkhira.gov.bd', 1);

-- --------------------------------------------------------

--
-- Table structure for table `divisions`
--

CREATE TABLE `divisions` (
  `id` int(2) UNSIGNED NOT NULL,
  `name` varchar(30) NOT NULL,
  `status` int(60) NOT NULL DEFAULT 1
) ENGINE=InnoDB DEFAULT CHARSET=utf8;

--
-- Dumping data for table `divisions`
--

INSERT INTO `divisions` (`id`, `name`, `status`) VALUES
(1, 'Barishal', 1),
(2, 'Chittagong', 1),
(3, 'Dhaka', 1),
(4, 'Khulna', 1),
(5, 'Rajshahi', 1),
(6, 'Rangpur', 1),
(7, 'Sylhet', 1),
(8, 'Mymensingh', 1);

-- --------------------------------------------------------

--
-- Table structure for table `thanas`
--

CREATE TABLE `thanas` (
  `id` bigint(20) UNSIGNED NOT NULL,
  `name` varchar(191) COLLATE utf8mb4_unicode_ci DEFAULT NULL,
  `division` varchar(255) COLLATE utf8mb4_unicode_ci DEFAULT NULL,
  `district` varchar(255) COLLATE utf8mb4_unicode_ci DEFAULT NULL,
  `upazila` varchar(255) COLLATE utf8mb4_unicode_ci DEFAULT NULL,
  `unions` varchar(255) COLLATE utf8mb4_unicode_ci DEFAULT NULL,
  `division_id` int(60) NOT NULL,
  `district_id` int(11) NOT NULL,
  `latitude` varchar(255) COLLATE utf8mb4_unicode_ci DEFAULT NULL,
  `longitude` varchar(255) COLLATE utf8mb4_unicode_ci DEFAULT NULL,
  `status` tinyint(3) UNSIGNED NOT NULL DEFAULT 1 COMMENT '1=>active, 0=>Inactive',
  `created_at` timestamp NULL DEFAULT NULL,
  `updated_at` timestamp NULL DEFAULT NULL
) ENGINE=InnoDB DEFAULT CHARSET=utf8mb4 COLLATE=utf8mb4_unicode_ci;

--
-- Dumping data for table `thanas`
--

INSERT INTO `thanas` (`id`, `name`, `division`, `district`, `upazila`, `unions`, `division_id`, `district_id`, `latitude`, `longitude`, `status`, `created_at`, `updated_at`) VALUES
(1, 'Keranigonj Model Police Station', 'Dhaka', 'Dhaka', 'Keranigonj', 'Jinjira', 3, 1, 'roung   I/O', '90.523611111111', 1, '2021-05-24 11:07:34', '2021-05-24 11:07:34'),
(2, 'Saver Model police station', 'Dhaka', 'Dhaka', 'Savar', 'Savar Municipality', 3, 1, '23.840688888889', '90.246783333333', 1, '2021-05-24 11:07:34', '2021-05-24 11:07:34'),
(3, 'Saver Model police station', 'Dhaka', 'Dhaka', 'Savar', 'Savar Municipality', 3, 1, '23.840688888889', '90.246783333333', 1, '2021-05-24 11:07:34', '2021-05-24 11:07:34'),
(4, 'Damray police station', 'Dhaka', 'Dhaka', 'Damray', 'Damray municipality', 3, 1, '23.914822222222', '90.216447222222', 1, '2021-05-24 11:07:34', '2021-05-24 11:07:34'),
(5, 'Dhohar police station', 'Dhaka', 'Dhaka', 'Dhohar', 'Dhohar municipality', 3, 1, '23.114', 'roung   I/O', 1, '2021-05-24 11:07:34', '2021-05-24 11:07:34'),
(6, 'Nawabgonj police station', 'Dhaka', 'Dhaka', 'Nawabgonj', 'Kalakopa', 3, 1, '23.596094444444', '90.160225', 1, '2021-05-24 11:07:34', '2021-05-24 11:07:34'),
(7, 'Asulayia police station', 'Dhaka', 'Dhaka', 'Ashulia', 'Dhamsona', 3, 1, '23.942927777778', '90.271586111111', 1, '2021-05-24 11:07:34', '2021-05-24 11:07:34'),
(8, 'Keranigonj police station', 'Dhaka', 'Dhaka', 'Keranigonj', 'Jinjira', 3, 1, 'roung   I/O', '90.523611111111', 1, '2021-05-24 11:07:34', '2021-05-24 11:07:34'),
(9, 'South Keranigonj police station', 'Dhaka', 'Dhaka', 'Keranigonj', 'Subhadhya', 3, 1, '23.847711111111', '90.415852777778', 1, '2021-05-24 11:07:34', '2021-05-24 11:07:34'),
(10, 'Naria Police Station', 'Dhaka', 'Shariatpur', 'Naria', 'Naria Municipality', 3, 15, '23.302574', '90.405903', 1, '2021-05-24 11:07:34', '2021-05-24 11:07:34'),
(11, 'Jazera police station', 'Dhaka', 'Shariatpur', 'Jazera', 'Jazera Municipality', 3, 15, '23.331724', '90.324369', 1, '2021-05-24 11:07:34', '2021-05-24 11:07:34'),
(12, 'Damudda police station', 'Dhaka', 'Shariatpur', 'Damudda', 'Damudda Municipality', 3, 15, '23.134761', '90.4413', 1, '2021-05-24 11:07:34', '2021-05-24 11:07:34'),
(13, 'Gosairhat police station', 'Dhaka', 'Shariatpur', 'Gosairhat', 'Gosairhat municipality', 3, 15, '23.070124', '90.435177', 1, '2021-05-24 11:07:34', '2021-05-24 11:07:34'),
(14, 'Bhedargonj police station', 'Dhaka', 'Shariatpur', 'Bhedargonj ', 'Bhedargonj Municipality', 3, 15, '23.1964', '90.44952', 1, '2021-05-24 11:07:34', '2021-05-24 11:07:34'),
(15, 'Sakhipur police station', 'Dhaka', 'Shariatpur', 'Sakhipur', 'Sakhipur up', 3, 15, '23.23194', '90.53064', 1, '2021-05-24 11:07:34', '2021-05-24 11:07:34'),
(16, 'Narayangonj Sadar Model Police Station', 'Dhaka', 'Narayangonj', 'Sadar', 'Narayangonj City Corporation', 3, 11, NULL, NULL, 1, '2021-05-24 11:07:34', '2021-05-24 11:07:34'),
(17, 'Fotullah police station', 'Dhaka', 'Narayangonj', 'Fotullah', 'Fotullah union', 3, 11, NULL, NULL, 1, '2021-05-24 11:07:34', '2021-05-24 11:07:34'),
(18, 'Siddhirgonj Police Station', 'Dhaka', 'Narayangonj', 'Sadar', 'City Corporation', 3, 11, NULL, NULL, 1, '2021-05-24 11:07:34', '2021-05-24 11:07:34'),
(19, 'Bandar Police Station', 'Dhaka', 'Narayangonj', 'Bandar', 'City Corporation', 3, 11, NULL, NULL, 1, '2021-05-24 11:07:34', '2021-05-24 11:07:34'),
(20, 'Rupgonj police station', 'Dhaka', 'Narayangonj', 'Rupgonj', 'Rupgonj', 3, 11, NULL, NULL, 1, '2021-05-24 11:07:34', '2021-05-24 11:07:34'),
(21, 'Sonargaon Police Station', 'Dhaka', 'Narayangonj', 'Sonargaon', 'Aminpur Municipality', 3, 11, NULL, NULL, 1, '2021-05-24 11:07:34', '2021-05-24 11:07:34'),
(22, 'Araihazar Police Station', 'Dhaka', 'Narayangonj', 'Araihazar', 'Araihazar Municipality', 3, 11, NULL, NULL, 1, '2021-05-24 11:07:34', '2021-05-24 11:07:34'),
(23, 'Munshigonj police station', 'Dhaka', 'Munshigonj', 'Munshigonj', 'Munshigonj municipality', 3, 9, '23.553223', '90.534077', 1, '2021-05-24 11:07:34', '2021-05-24 11:07:34'),
(24, 'Gazaria police station', 'Dhaka', 'Munshigonj', 'Gazaria', 'Bhaberchar', 3, 9, '23.557635', '90.655967', 1, '2021-05-24 11:07:34', '2021-05-24 11:07:34'),
(25, 'Sirajdikhan police station', 'Dhaka', 'Munshigonj', 'Sirajdikhan', 'Rasuniya', 3, 9, '23.574328', '90.381072', 1, '2021-05-24 11:07:34', '2021-05-24 11:07:34'),
(26, 'Srinagar Police Station', 'Dhaka', 'Munshigonj', 'Srinagar', 'Srinagar', 3, 9, '23.53669', '90.28632', 1, '2021-05-24 11:07:34', '2021-05-24 11:07:34'),
(27, 'Tongibari police station', 'Dhaka', 'Munshigonj', 'Tongibari', 'Sonarang Tongibari', 3, 9, '23.511131', '90.468319', 1, '2021-05-24 11:07:34', '2021-05-24 11:07:34'),
(28, 'Lohajong police station', 'Dhaka', 'Munshigonj', 'Lohajong', 'Teotiya', 3, 9, '23.466529', '90.33132058', 1, '2021-05-24 11:07:34', '2021-05-24 11:07:34'),
(29, 'Manikgonj police station', 'Dhaka', 'Manikgonj', 'Manikgonj sadar', 'Manikgonj Municipality', 3, 8, '23.861502', '90.001293', 1, '2021-05-24 11:07:34', '2021-05-24 11:07:34'),
(30, 'Saturia police station', 'Dhaka', 'Manikgonj', 'Saturia', 'Saturia', 3, 8, '23.973692', '90.038295', 1, '2021-05-24 11:07:34', '2021-05-24 11:07:34'),
(31, 'Singair police station', 'Dhaka', 'Manikgonj', 'Singair', 'Singair Municipality', 3, 8, '23.816037', '90.145839', 1, '2021-05-24 11:07:34', '2021-05-24 11:07:34'),
(32, 'Horirampur police station', 'Dhaka', 'Manikgonj', 'Horirampur', 'Horirampur', 3, 8, '23.738713', '89.967683', 1, '2021-05-24 11:07:34', '2021-05-24 11:07:34'),
(33, 'Shibalaya police station', 'Dhaka', 'Manikgonj', 'Shibaloy', 'Shibaloy', 3, 8, '23.836159', '89.782527', 1, '2021-05-24 11:07:34', '2021-05-24 11:07:34'),
(34, 'Ghior police station', 'Dhaka', 'Manikgonj', 'Ghior', '04 no Ghior', 3, 8, '23.8999938', '89.872649', 1, '2021-05-24 11:07:34', '2021-05-24 11:07:34'),
(35, 'Doulatpur police station', 'Dhaka', 'Manikgonj', 'Daulatpur', 'Cakmirpur', 3, 8, '23.971739', '89.8342548', 1, '2021-05-24 11:07:34', '2021-05-24 11:07:34'),
(36, 'Narsingdi Model police station', 'Dhaka', 'Narsingdi', 'Narsingdi', 'Narsingdi municipality', 3, 12, NULL, NULL, 1, '2021-05-24 11:07:34', '2021-05-24 11:07:34'),
(37, 'Palash police station', 'Dhaka', 'Narsingdi', 'Palash', 'Jinardi Union', 3, 12, NULL, NULL, 1, '2021-05-24 11:07:34', '2021-05-24 11:07:34'),
(38, 'Model Shibpur Police Station', 'Dhaka', 'Narsingdi', 'Shibpur', 'Shibpur Municipality', 3, 12, NULL, NULL, 1, '2021-05-24 11:07:34', '2021-05-24 11:07:34'),
(39, 'Raipura Police Station', 'Dhaka', 'Narsingdi', 'Raipura', 'Raipura Municipality', 3, 12, NULL, NULL, 1, '2021-05-24 11:07:34', '2021-05-24 11:07:34'),
(40, 'Belabo police station', 'Dhaka', 'Narsingdi', 'Belabo', 'Belabo Union', 3, 12, NULL, NULL, 1, '2021-05-24 11:07:34', '2021-05-24 11:07:34'),
(41, 'Monohardi police station', 'Dhaka', 'Narsingdi', 'Monohardi ', 'Monohardi Municipality', 3, 12, NULL, NULL, 1, '2021-05-24 11:07:34', '2021-05-24 11:07:34'),
(42, 'Madhabdi police station', 'Dhaka', 'Narsingdi', 'Madhabdi', 'Madhabdi Municipality', 3, 12, NULL, NULL, 1, '2021-05-24 11:07:34', '2021-05-24 11:07:34'),
(43, 'Joydebpur police station', 'Dhaka', 'Gazipur', 'Joydebpur police atation', 'Gazipur Municipality', 3, 3, '23.977812', '90.419893', 1, '2021-05-24 11:07:34', '2021-05-24 11:07:34'),
(44, 'Tongi police station', 'Dhaka', 'Gazipur Metro', 'Tongi', 'Tongi police station', 3, 3, '23.894355', '90.380485', 1, '2021-05-24 11:07:34', '2021-05-24 11:07:34'),
(45, 'Kaliakair police station', 'Dhaka', 'Gazipur', 'Kaliakair', 'Kaliakair municipality', 3, 3, '24.023229', '90.293253', 1, '2021-05-24 11:07:34', '2021-05-24 11:07:34'),
(46, 'Kapasia police station', 'Dhaka', 'Gazipur', 'Kapasia', 'Kapasia sadar', 3, 3, '24.1128097', '90.568791', 1, '2021-05-24 11:07:34', '2021-05-24 11:07:34'),
(47, 'Kaligonj Police Station', 'Dhaka', 'Gazipur', 'Kaligonj', 'Kaligonj', 3, 3, '23.92263', '90.569064', 1, '2021-05-24 11:07:34', '2021-05-24 11:07:34'),
(48, 'Kishoreganj Model Police Station', 'Dhaka', 'Kishoregonj', 'Kishoregonj', 'Municipality', 3, 6, '24.438233', '90.780119', 1, '2021-05-24 11:07:34', '2021-05-24 11:07:34'),
(49, 'Karimgonj police station', 'Dhaka', 'Kishoregonj', 'Karimgonj', 'Sacail UP', 3, 6, '24.470738', '90.869228', 1, '2021-05-24 11:07:34', '2021-05-24 11:07:34'),
(50, 'Tarail police station', 'Dhaka', 'Kishoregonj', 'Tarail', 'Municipality', 3, 6, '24.549548', '90.892083', 1, '2021-05-24 11:07:34', '2021-05-24 11:07:34'),
(51, 'Hossainpur police station', 'Dhaka', 'Kishoregonj', 'হোসেনপুর থানা', 'Municipality', 3, 6, '24.42486', '90.652937', 1, '2021-05-24 11:07:34', '2021-05-24 11:07:34'),
(52, 'Pakundia police station', 'Dhaka', 'Kishoregonj', 'Pakundia', 'Municipality', 3, 6, '24.328088', '90.680858', 1, '2021-05-24 11:07:34', '2021-05-24 11:07:34'),
(53, 'katiadi police station', 'Dhaka', 'Kishoregonj', 'Katiadi', 'Municipality', 3, 6, '24.244586', '90.797716', 1, '2021-05-24 11:07:34', '2021-05-24 11:07:34'),
(54, 'Bajitpur police station', 'Dhaka', 'Kishoregonj', 'Bajitpur', 'Municipality', 3, 6, '24.213836', '90.797716', 1, '2021-05-24 11:07:34', '2021-05-24 11:07:34'),
(55, 'Bhairab Police Station', 'Dhaka', 'Kishoregonj', 'Bhairab ', 'Municipality', 3, 6, '24.055036111111', '90.932219444444', 1, '2021-05-24 11:07:34', '2021-05-24 11:07:34'),
(56, 'Nikli police station', 'Dhaka', 'Kishoregonj', 'Nikli', 'Nikli Union sadar', 3, 6, '24.332323', '90.933152', 1, '2021-05-24 11:07:34', '2021-05-24 11:07:34'),
(57, 'Mithamain police station', 'Dhaka', 'Kishoregonj', 'Mithamain', 'Mithamain Union sadar', 3, 6, '24.417595', '91.054392', 1, '2021-05-24 11:07:34', '2021-05-24 11:07:34'),
(58, 'Austagram police station', 'Dhaka', 'Kishoregonj', 'Austagram', 'Austagram  sadar up', 3, 6, '24.272107', '91.103773', 1, '2021-05-24 11:07:34', '2021-05-24 11:07:34'),
(59, 'Itna  police station', 'Dhaka', 'Kishoregonj', 'Itna', 'Itna sadar up', 3, 6, '24.52874', '91.095492', 1, '2021-05-24 11:07:34', '2021-05-24 11:07:34'),
(60, 'Asp Model police station Tangail', 'Dhaka', 'Tangail ', 'Sadar Upazila', 'Tangail Municipality', 3, 17, '24.246767', '89.913397', 1, '2021-05-24 11:07:34', '2021-05-24 11:07:34'),
(61, 'Tangail Model Police Station', 'Dhaka', 'Tangail ', 'Sadar Upazila', 'Tangail Municipality', 3, 17, '24.246988', '89.913424', 1, '2021-05-24 11:07:34', '2021-05-24 11:07:34'),
(62, 'Nagorpur police station', 'Dhaka', 'Tangail ', 'Nagorpur Upazila', 'Nagorpur Union', 3, 17, '24.55767', '89.876238', 1, '2021-05-24 11:07:34', '2021-05-24 11:07:34'),
(63, 'Mirzapur Police Station', 'Dhaka', 'Tangail ', 'Mirzapur Upazila', 'Mirzapur Municipality', 3, 17, '24.101872', '90.098516', 1, '2021-05-24 11:07:34', '2021-05-24 11:07:34'),
(64, 'Basail police station', 'Dhaka', 'Tangail ', 'Basail Upazila', 'Basail Municipality', 3, 17, '24.228452', '90.053873', 1, '2021-05-24 11:07:34', '2021-05-24 11:07:34'),
(65, 'Sakhipur police station', 'Dhaka', 'Tangail ', 'Sakhipur Upazila', 'Sakhipur Municipality', 3, 17, '24.3145482', '90.1704223', 1, '2021-05-24 11:07:34', '2021-05-24 11:07:34'),
(66, 'Delduar police station', 'Dhaka', 'Tangail ', 'Delduar Upazila', 'Delduar Municipality', 3, 17, '24.163649', '89.967009', 1, '2021-05-24 11:07:34', '2021-05-24 11:07:34'),
(67, 'Kalihati Police Station', 'Dhaka', 'Tangail ', 'Kalihati Upazila', 'Kalihati municipality', 3, 17, '24.38484761', '89.98986', 1, '2021-05-24 11:07:34', '2021-05-24 11:07:34'),
(68, 'Gataiat police station', 'Dhaka', 'Tangail ', 'Gataial Upazila', 'Gataial Municipality', 3, 17, '24.48351', '89.973062', 1, '2021-05-24 11:07:34', '2021-05-24 11:07:34'),
(69, 'Madhupur police station', 'Dhaka', 'Tangail ', 'Madhupur Upazila', 'Madhupur Municipality', 3, 17, '24.605215', '90.02598', 1, '2021-05-24 11:07:34', '2021-05-24 11:07:34'),
(70, 'Gopalpur Police Station', 'Dhaka', 'Tangail ', 'Gopalpur Upazila', 'Gopalpur Municipality', 3, 17, '24.562074', '89.928959', 1, '2021-05-24 11:07:34', '2021-05-24 11:07:34'),
(71, 'Bhuapur police station', 'Dhaka', 'Tangail ', 'Bhuapur Upazila', 'Bhuapur Municipality', 3, 17, '24.462608', '89.87328', 1, '2021-05-24 11:07:34', '2021-05-24 11:07:34'),
(72, 'Bangabandhu Bridge East Police Station', 'Dhaka', 'Tangail ', 'Kalihati Upazila', 'Gohaliyabari Union', 3, 17, '24.387469444444', '89.82385', 1, '2021-05-24 11:07:34', '2021-05-24 11:07:34'),
(73, 'Dhanbari police station', 'Dhaka', 'Tangail ', 'Dhanbari Upazila', 'Dhanbari Municipality', 3, 17, '24.669283', '89.957333', 1, '2021-05-24 11:07:34', '2021-05-24 11:07:34'),
(74, 'Kotwali Model Police Station', 'Dhaka', 'Faridpur', 'Sadar', 'Sadar Municipality', 3, 2, '23.600476', '89.834554', 1, '2021-05-24 11:07:34', '2021-05-24 11:07:34'),
(75, 'Kotwali Police Station', 'Dhaka', 'Faridpur', 'Sadar', 'Sadar Municipality', 3, 2, '23.600476', '89.834554', 1, '2021-05-24 11:07:34', '2021-05-24 11:07:34'),
(76, 'Modhukhali police station', 'Dhaka', 'Faridpur', 'Modhukhali', 'Modhukhali Municipality', 3, 2, '23.551217', '89.89626448', 1, '2021-05-24 11:07:34', '2021-05-24 11:07:34'),
(77, 'Boalmarim police station', 'Dhaka', 'Faridpur', 'Boalmari', 'Boalmari Municipality', 3, 2, '23.385031', '89.681843', 1, '2021-05-24 11:07:34', '2021-05-24 11:07:34'),
(78, 'Alphadanga police station', 'Dhaka', 'Faridpur', 'Alphadanga', 'Alphadanga', 3, 2, '23.293598', '89.703646', 1, '2021-05-24 11:07:34', '2021-05-24 11:07:34'),
(79, 'Char Bhadrasan police station', 'Dhaka', 'Faridpur', 'Char Bhadrasan', 'Char Bhadrasan', 3, 2, '23.561612', '90.008342', 1, '2021-05-24 11:07:34', '2021-05-24 11:07:34'),
(80, 'Banga police station', 'Dhaka', 'Faridpur', 'Banga', 'Banga Municipality', 3, 2, '23.384888', '89.978278', 1, '2021-05-24 11:07:34', '2021-05-24 11:07:34'),
(81, 'Nagarkanda police station', 'Dhaka', 'Faridpur', 'Nagarkanda', 'Nagarkanda Municipality', 3, 2, '23.418187', '89.89042', 1, '2021-05-24 11:07:34', '2021-05-24 11:07:34'),
(82, 'Sadarpur police station', 'Dhaka', 'Faridpur', 'Sadarpur', 'Sadarpur', 3, 2, '23.474425', '90.025673', 1, '2021-05-24 11:07:34', '2021-05-24 11:07:34'),
(83, 'Saltha police station', 'Dhaka', 'Faridpur', 'Saltha', 'Ramkantopur', 3, 2, '23.43396', '89.78799', 1, '2021-05-24 11:07:34', '2021-05-24 11:07:34'),
(84, 'Sadar police station Rajbari', 'Dhaka', 'Rajbari', 'Rajbari sadar', 'Rajbari municipality', 3, 14, NULL, NULL, 1, '2021-05-24 11:07:34', '2021-05-24 11:07:34'),
(85, 'Goalandaghat police station', 'Dhaka', 'Rajbari', 'Goalandaghat', 'Goalanda Upazila', 3, 14, NULL, NULL, 1, '2021-05-24 11:07:34', '2021-05-24 11:07:34'),
(86, 'Pangsha police station', 'Dhaka', 'Rajbari', 'Pangsha', 'Pangsha Upazila', 3, 14, NULL, NULL, 1, '2021-05-24 11:07:34', '2021-05-24 11:07:34'),
(87, 'Baliakandi police station', 'Dhaka', 'Rajbari', 'Baliakandi', 'Baliakandi Upazila', 3, 14, NULL, NULL, 1, '2021-05-24 11:07:34', '2021-05-24 11:07:34'),
(88, 'Kalukhali police station', 'Dhaka', 'Rajbari', 'Kalukhali', 'Kalukhali Upazila', 3, 14, NULL, NULL, 1, '2021-05-24 11:07:34', '2021-05-24 11:07:34'),
(89, 'Gopalgonj sadar police station', 'Dhaka', 'Gopalgonj', 'Gopalgonj Sadar', 'Municipality', 3, 4, '23.012932', '89.833199', 1, '2021-05-24 11:07:34', '2021-05-24 11:07:34'),
(90, 'Muksudpur police station', 'Dhaka', 'Gopalgonj', 'Muksudpur', 'Municipality', 3, 4, NULL, NULL, 1, '2021-05-24 11:07:34', '2021-05-24 11:07:34'),
(91, 'Kashani police station', 'Dhaka', 'Gopalgonj', 'Kashani', '05 no union', 3, 4, NULL, NULL, 1, '2021-05-24 11:07:34', '2021-05-24 11:07:34'),
(92, 'Kotalipara police station', 'Dhaka', 'Gopalgonj', 'Kotalipara', 'Municipality', 3, 4, NULL, NULL, 1, '2021-05-24 11:07:34', '2021-05-24 11:07:34'),
(93, 'tungipara police station', 'Dhaka', 'Gopalgonj', 'Tungipara', 'Municipality', 3, 4, NULL, NULL, 1, '2021-05-24 11:07:34', '2021-05-24 11:07:34'),
(94, 'Madaripur Sadar Model police station', 'Dhaka', 'Madaripur', 'Madaripur Sadar', NULL, 3, 7, '23.166917', '90.200407', 1, '2021-05-24 11:07:34', '2021-05-24 11:07:34'),
(95, 'Kalkini police station', 'Dhaka', 'Madaripur', 'Kalkini', 'Kalkini Municipality', 3, 7, '23.072246', '90.241922', 1, '2021-05-24 11:07:34', '2021-05-24 11:07:34'),
(96, 'Rajoir police station', 'Dhaka', 'Madaripur', 'Rajoir', 'Rajoir Municipality', 3, 7, '23.20681', '90.056614', 1, '2021-05-24 11:07:34', '2021-05-24 11:07:34'),
(97, 'Shibchar police station', 'Dhaka', 'Madaripur', 'Shibchar', 'Shibchar Municipality', 3, 7, '23.345947', '90.157375', 1, '2021-05-24 11:07:34', '2021-05-24 11:07:34'),
(98, 'Joraragonj police station', 'Chittagong', 'Chittagong', 'Mirsharai', 'Baraiyarhat Municipality', 2, 43, '22.889635', '91.535601', 1, '2021-05-24 11:07:34', '2021-05-24 11:07:34'),
(99, 'Mirsharai police station', 'Chittagong', 'Chittagong', 'Mirsharai', 'Mirsharai Municipality', 2, 43, '21.779308', '91.570737', 1, '2021-05-24 11:07:34', '2021-05-24 11:07:34'),
(100, 'Sitakundo Model police station', 'Chittagong', 'Chittagong', 'Sitakunda', 'Sitakundo Municipality', 2, 43, '22.620788', '91.657099', 1, '2021-05-24 11:07:34', '2021-05-24 11:07:34'),
(101, 'Sandeep police station', 'Chittagong', 'Chittagong', 'Shondip', 'No. 18 haramiya', 2, 43, '22.485584', '91.486545', 1, '2021-05-24 11:07:34', '2021-05-24 11:07:34'),
(102, 'Hathazari Police Station', 'Chittagong', 'Chittagong', 'Hathajari', 'Hathajari Municipality', 2, 43, NULL, NULL, 1, '2021-05-24 11:07:34', '2021-05-24 11:07:34'),
(103, 'Rauzan police station', 'Chittagong', 'Chittagong', 'Rauzan', 'Rauzan Municipality', 2, 43, '22.537856', '91.915582', 1, '2021-05-24 11:07:34', '2021-05-24 11:07:34'),
(104, 'Ranguniya Model police station', 'Chittagong', 'Chittagong', 'Ranguniya upazila', 'Ranguniya Municipality', 2, 43, NULL, NULL, 1, '2021-05-24 11:07:34', '2021-05-24 11:07:34'),
(105, 'Fatickchari police station', 'Chittagong', 'Chittagong', 'Fatickchari', 'Fatickchari Municipality', 2, 43, NULL, NULL, 1, '2021-05-24 11:07:34', '2021-05-24 11:07:34'),
(106, 'Bhujpur police station', 'Chittagong', 'Chittagong', 'Fatickchari', 'No. 04 Bhujpur', 2, 43, NULL, NULL, 1, '2021-05-24 11:07:34', '2021-05-24 11:07:34'),
(107, 'Patia Police Station', 'Chittagong', 'Chittagong', 'Patia', 'Patia municipality', 2, 43, '22.295467', '91.981249', 1, '2021-05-24 11:07:34', '2021-05-24 11:07:34'),
(108, 'Anwara police station', 'Chittagong', 'Chittagong', 'Anwara', 'Anwara Sadar', 2, 43, '22.223707', '91.902982', 1, '2021-05-24 11:07:34', '2021-05-24 11:07:34'),
(109, 'Boalkhali police station', 'Chittagong', 'Chittagong', 'Boalkhali', 'Boalkhali Municipality', 2, 43, '22.378182', '91.918426', 1, '2021-05-24 11:07:34', '2021-05-24 11:07:34'),
(110, 'Chandanaish police station', 'Chittagong', 'Chittagong', 'Chandanaish', 'Chandanaish Municipality', 2, 43, '22.211506', '92.011121', 1, '2021-05-24 11:07:34', '2021-05-24 11:07:34'),
(111, 'Satkania police station', 'Chittagong', 'Chittagong', 'Satkania', 'Satkania municipality', 2, 43, '22.074877', '92.052161', 1, '2021-05-24 11:07:34', '2021-05-24 11:07:34'),
(112, 'Lohagara police station', 'Chittagong', 'Chittagong', 'Lohagara', 'Lohagara', 2, 43, NULL, NULL, 1, '2021-05-24 11:07:34', '2021-05-24 11:07:34'),
(113, 'Banshkhali Police Station', 'Chittagong', 'Chittagong', 'Bashkhali', 'Bahkhali Municipality', 2, 43, NULL, NULL, 1, '2021-05-24 11:07:34', '2021-05-24 11:07:34'),
(114, 'Cox\'s Bazar Sadar Model police station', 'Chittagong', 'Cox\'s Bazar', 'Cox\'s Bazar Municipality', 'Sadar union', 2, 45, NULL, NULL, 1, '2021-05-24 11:07:34', '2021-05-24 11:07:34'),
(115, 'Ramu Police Station', 'Chittagong', 'Cox\'s Bazar', 'Ramu', 'Phatekharkul', 2, 45, NULL, NULL, 1, '2021-05-24 11:07:34', '2021-05-24 11:07:34'),
(116, 'Ukhiya police station', 'Chittagong', 'Cox\'s Bazar', 'Ukhiya', 'Rajapalong', 2, 45, NULL, NULL, 1, '2021-05-24 11:07:34', '2021-05-24 11:07:34'),
(117, 'Moheshkhali Police Station', 'Chittagong', 'Cox\'s Bazar', NULL, NULL, 2, 45, NULL, NULL, 1, '2021-05-24 11:07:34', '2021-05-24 11:07:34'),
(118, 'Kutubdia police station', 'Chittagong', 'Cox\'s Bazar', 'Kutubdia', 'Baraghop', 2, 45, NULL, NULL, 1, '2021-05-24 11:07:34', '2021-05-24 11:07:34'),
(119, 'Chakaria police station', 'Chittagong', 'Cox\'s Bazar', 'Chokoria', NULL, 2, 45, NULL, NULL, 1, '2021-05-24 11:07:34', '2021-05-24 11:07:34'),
(120, 'Teknaf Model Police Station', 'Chittagong', 'Cox\'s Bazar', 'Teknaf', NULL, 2, 45, NULL, NULL, 1, '2021-05-24 11:07:34', '2021-05-24 11:07:34'),
(121, 'Pekua police station', 'Chittagong', 'Cox\'s Bazar', 'Pekuya', NULL, 2, 45, NULL, NULL, 1, '2021-05-24 11:07:34', '2021-05-24 11:07:34'),
(122, 'Kotwali Model police station', 'Chittagong', 'Comilla', 'Adursho sadar', 'Comilla City Corporation', 2, 44, '23.465056', '91.187242', 1, '2021-05-24 11:07:34', '2021-05-24 11:07:34'),
(123, 'Sadar Model Police Station south', 'Chittagong', 'Comilla', 'South sadar', 'Cauyara Union', 2, 44, '23.41073813', '91.19717048', 1, '2021-05-24 11:07:34', '2021-05-24 11:07:34'),
(124, 'Manohargonj Police station Comilla.', 'Chittagong', 'Comilla', 'Manohargonj', 'Jhalam South', 2, 44, '23.163547', '91.048975', 1, '2021-05-24 11:07:34', '2021-05-24 11:07:34'),
(125, 'Barura Police station Comilla.', 'Chittagong', 'Comilla', 'Barura', 'Barura Municipality', 2, 44, NULL, NULL, 1, '2021-05-24 11:07:34', '2021-05-24 11:07:34'),
(126, 'Laksham Police station Comilla.', 'Chittagong', 'Comilla', 'Laksham', 'North Laksham municipal Ward 4', 2, 44, NULL, NULL, 1, '2021-05-24 11:07:34', '2021-05-24 11:07:34'),
(127, 'Chauddagram Police station Comilla.', 'Chittagong', 'Comilla', 'Chauddagram', 'Chauddagram Municipality', 2, 44, '23.211974', '91.315203', 1, '2021-05-24 11:07:34', '2021-05-24 11:07:34'),
(128, 'Nangalkot Police station Comilla.', 'Chittagong', 'Comilla', 'Nangalkot', 'Nangalkot Municipality', 2, 44, '23.162939', '91.200974', 1, '2021-05-24 11:07:34', '2021-05-24 11:07:34'),
(129, 'Chandina Police station Comilla.', 'Chittagong', 'Comilla', 'Chandina', 'Chandina Municipality', 2, 44, '23.485362', '91.008946', 1, '2021-05-24 11:07:34', '2021-05-24 11:07:34'),
(130, 'Burichang Police station Comilla.', 'Chittagong', 'Comilla', 'Burichang', 'Burichang Union', 2, 44, NULL, NULL, 1, '2021-05-24 11:07:34', '2021-05-24 11:07:34'),
(131, 'Brahmanpara police station Comilla.', 'Chittagong', 'Comilla', 'Brahmanpara', 'Sahababad', 2, 44, '23.61372', '91.095259', 1, '2021-05-24 11:07:34', '2021-05-24 11:07:34'),
(132, 'Muradnagar police station Comilla.', 'Chittagong', 'Comilla', 'Muradnagar', 'Muradnagar', 2, 44, '23.63754', '90.713801', 1, '2021-05-24 11:07:34', '2021-05-24 11:07:34'),
(133, 'Daudkandi Police station Comilla', 'Chittagong', 'Comilla', 'Daudkandi', 'Daudkandi municipality', 2, 44, '23.537702', '91.315203', 1, '2021-05-24 11:07:34', '2021-05-24 11:07:34'),
(134, 'Debidwar Police station Comilla.', 'Chittagong', 'Comilla', 'Debidwar', 'Debidwar Municipality', 2, 44, '23.606589', '90.989091', 1, '2021-05-24 11:07:34', '2021-05-24 11:07:34'),
(135, 'Homna Police station Comilla.', 'Chittagong', 'Comilla', 'Homna', 'Homna Municipality', 2, 44, '23.684286', '91.780275', 1, '2021-05-24 11:07:34', '2021-05-24 11:07:34'),
(136, 'Titus Police station Comilla.', 'Chittagong', 'Comilla', 'Titus', 'Karikandi', 2, 44, '23.593919', '90.79687', 1, '2021-05-24 11:07:34', '2021-05-24 11:07:34'),
(137, 'Meghna Police station Comilla.', 'Chittagong', 'Comilla', 'Meghna', 'Gobindapur', 2, 44, '23.627823', '90.702845', 1, '2021-05-24 11:07:34', '2021-05-24 11:07:34'),
(138, 'Bangara Bazar Police Station Comilla.', 'Chittagong', 'Comilla', 'Bangra Bazar', 'South Union bangara', 2, 44, NULL, NULL, 1, '2021-05-24 11:07:34', '2021-05-24 11:07:34'),
(139, 'Brahmanbaria Model police station', 'Chittagong', 'Brahmanbaria', 'Brahmanbaria sadar', 'Brahmanbaria sadar', 2, 41, '40.741895', NULL, 1, '2021-05-24 11:07:34', '2021-05-24 11:07:34'),
(140, 'Ashugonj police station', 'Chittagong', 'Brahmanbaria', 'Ashugonj', 'Ashugonj', 2, 41, '24.03669', '91.01265', 1, '2021-05-24 11:07:34', '2021-05-24 11:07:34'),
(141, 'Sarail Police Station', 'Chittagong', 'Brahmanbaria', 'Sarail', 'Sarail', 2, 41, '24.0691265', '91.1117711', 1, '2021-05-24 11:07:34', '2021-05-24 11:07:34'),
(142, 'Nasirnagar police station', 'Chittagong', 'Brahmanbaria', 'Nasirnagar', 'Nasirnagar sadar', 2, 41, '24.199036', '91.1956', 1, '2021-05-24 11:07:34', '2021-05-24 11:07:34'),
(143, 'Nabinagar police station', 'Chittagong', 'Brahmanbaria', 'Nabinagar', 'Nabinagar Municipality', 2, 41, NULL, NULL, 1, '2021-05-24 11:07:34', '2021-05-24 11:07:34'),
(144, 'Bancharampur Model police station', 'Chittagong', 'Brahmanbaria', 'Bancharampur', 'Bancharampur Municipality', 2, 41, '23.770225', '90.802409', 1, '2021-05-24 11:07:34', '2021-05-24 11:07:34'),
(145, 'Kasba police station', 'Chittagong', 'Brahmanbaria', 'Kasba', 'Kasba Municipality', 2, 41, NULL, NULL, 1, '2021-05-24 11:07:34', '2021-05-24 11:07:34'),
(146, 'Akhaura police station', 'Chittagong', 'Brahmanbaria', 'Akhaura', 'Akhaura Municipality', 2, 41, '23.867493', '91.211033', 1, '2021-05-24 11:07:34', '2021-05-24 11:07:34'),
(147, 'Bijoynagar Police Station (North)', 'Chittagong', 'Brahmanbaria', 'Bijoynagar', 'Ichhapur', 2, 41, NULL, NULL, 1, '2021-05-24 11:07:34', '2021-05-24 11:07:34'),
(148, 'Sadar police station', 'Chittagong', 'Cadapur ', 'Cadapur Sadar', 'Chandpur Municipality', 2, 0, '23.224096', '90.653467', 1, '2021-05-24 11:07:34', '2021-05-24 11:07:34'),
(149, 'Faridgonj police station', 'Chittagong', 'Cadapur ', 'Faridgonj', 'Ward 8  Faridgগnj Municipality', 2, 0, '23.137812', '90.743095', 1, '2021-05-24 11:07:34', '2021-05-24 11:07:34'),
(150, 'Matlab North Police Station', 'Chittagong', 'Cadapur ', 'Matlab North', 'Chengarcaras Municipality Ward 04', 2, 0, '23.44168', '90.59807', 1, '2021-05-24 11:07:34', '2021-05-24 11:07:34'),
(151, 'Matlab South Police Station', 'Chittagong', 'Cadapur ', 'Matlab South', 'Ward no 3 Matlab municipality', 2, 0, NULL, NULL, 1, '2021-05-24 11:07:34', '2021-05-24 11:07:34'),
(152, 'Haimchar police station', 'Chittagong', 'Cadapur ', 'Haimchar', 'No. 03 South ALGI Durgapur', 2, 0, NULL, NULL, 1, '2021-05-24 11:07:34', '2021-05-24 11:07:34'),
(153, 'Hajigonj police station', 'Chittagong', 'Cadapur ', 'Hajigonj', 'Ward 6  Hajigonj Municipality', 2, 0, NULL, NULL, 1, '2021-05-24 11:07:34', '2021-05-24 11:07:34'),
(154, 'Sharasti Model police station', 'Chittagong', 'Cadapur ', 'Sharasti', 'Sharasti Municipality', 2, 0, NULL, NULL, 1, '2021-05-24 11:07:34', '2021-05-24 11:07:34'),
(155, 'Kochua police station', 'Chittagong', 'Cadapur ', 'Kochua', 'Ward 8  Kochua Municipality', 2, 0, '23.344534', '90.896513', 1, '2021-05-24 11:07:34', '2021-05-24 11:07:34'),
(156, 'Sudharam Model police station', 'Chittagong', 'Noakhali', 'Sadar', 'Noakhali municipality', 2, 49, '20.871111111111', '91.097222222222', 1, '2021-05-24 11:07:34', '2021-05-24 11:07:34'),
(157, 'Companigonj police station', 'Chittagong', 'Noakhali', 'Companigonj', 'Basurhat Municipality', 2, 49, '22.871436111111', '91.277033333333', 1, '2021-05-24 11:07:34', '2021-05-24 11:07:34'),
(158, 'Begumgonj police station', 'Chittagong', 'Noakhali', 'Begumgonj', 'Chaumohani Municipality', 2, 49, '22.945458333333', '91.101283333333', 1, '2021-05-24 11:07:34', '2021-05-24 11:07:34'),
(159, 'Chatkhil police station', 'Chittagong', 'Noakhali', 'Chatkhil', 'Chatkhil Municipality', 2, 49, '23.063225', '90.967169444444', 1, '2021-05-24 11:07:34', '2021-05-24 11:07:34'),
(160, 'Sonaimuri police station', 'Chittagong', 'Noakhali', 'Sonaimuri thana', 'Sonaimuri Municipality', 2, 49, '23.035558333333', '91.098036111111', 1, '2021-05-24 11:07:34', '2021-05-24 11:07:34'),
(161, 'Charjabbar police station', 'Chittagong', 'Noakhali', 'Subarnachar', 'Charjubali Union', 2, 49, '22.658986111111', '91.101388888889', 1, '2021-05-24 11:07:34', '2021-05-24 11:07:34'),
(162, 'Feni Model police station', 'Chittagong', 'Feni ', 'Feni sadar', 'Feni municipality', 2, 46, NULL, NULL, 1, '2021-05-24 11:07:34', '2021-05-24 11:07:34'),
(163, 'Dagonbhuiya police station', 'Chittagong', 'Feni ', 'Dagonbhuiya', 'Dagonbhuiya Municipality', 2, 46, '22.944977', '91.314847', 1, '2021-05-24 11:07:34', '2021-05-24 11:07:34'),
(164, 'Sonagazi Model police station', 'Chittagong', 'Feni ', 'Sonagazi', 'Sonagazi Municipality', 2, 46, '22.849429', '91.392331', 1, '2021-05-24 11:07:34', '2021-05-24 11:07:34'),
(165, 'Chhagalnaiya police station', 'Chittagong', 'Feni ', 'Chhagalnaiya', 'Chhagalnaiya Municipality', 2, 46, '23.037898', '91.517333', 1, '2021-05-24 11:07:34', '2021-05-24 11:07:34'),
(166, 'Fulgazi police station', 'Chittagong', 'Feni ', 'Fulgazi', '01 no Fulgazi', 2, 46, '23.1502', '91.4306', 1, '2021-05-24 11:07:34', '2021-05-24 11:07:34'),
(167, 'Parshuram Model police station', 'Chittagong', 'Feni ', 'Parshuram', 'Parshuram municipality', 2, 46, '23.217612', '91.445364', 1, '2021-05-24 11:07:34', '2021-05-24 11:07:34'),
(168, 'Laxmipur police station', 'Chittagong', 'Laxmipur', 'Sadar', NULL, 2, 48, '22.938888888889', '90.839166666667', 1, '2021-05-24 11:07:34', '2021-05-24 11:07:34'),
(169, 'Raypur police station', 'Chittagong', 'Laxmipur', 'Raypur', NULL, 2, 48, '23.019444444444', '90.767222222222', 1, '2021-05-24 11:07:34', '2021-05-24 11:07:34'),
(170, 'Ramgonj police station', 'Chittagong', 'Laxmipur', 'Ramgonj', NULL, 2, 48, '23.099444444444', '90.859444444444', 1, '2021-05-24 11:07:34', '2021-05-24 11:07:34'),
(171, 'Ramgoti police station ', 'Chittagong', 'Laxmipur', 'Ramgoti', NULL, 2, 48, '22.666944444444', '90.911111111111', 1, '2021-05-24 11:07:34', '2021-05-24 11:07:34'),
(172, 'kamolnagar police station', 'Chittagong', 'Laxmipur', 'Kamolnagar', NULL, 2, 48, '22.734722222222', '90.866944444444', 1, '2021-05-24 11:07:34', '2021-05-24 11:07:34'),
(173, 'Chandragonj police station', 'Chittagong', 'Laxmipur', 'Sadar', 'Chandragonj', 2, 48, '22.097777777778', '90.992777777778', 1, '2021-05-24 11:07:34', '2021-05-24 11:07:34'),
(174, 'Kotwali Police Station', 'Chittagong', 'Rangamati', 'Rangamati sadar', 'Rangamati Municipality Ward no 4', 2, 50, '22.637423888889', '92.187955277778', 1, '2021-05-24 11:07:34', '2021-05-24 11:07:34'),
(175, 'Longadu police station', 'Chittagong', 'Rangamati', 'Longadu', '07 no up longadu', 2, 50, '22.949722222222', '92.15', 1, '2021-05-24 11:07:34', '2021-05-24 11:07:34'),
(176, 'Kaptai police station', 'Chittagong', 'Rangamati', 'Kaptai', 'No. 05 Oyapadaiup', 2, 50, '22.510633333333', '92.138329', 1, '2021-05-24 11:07:34', '2021-05-24 11:07:34'),
(177, 'Chandraghona police station', 'Chittagong', 'Rangamati', 'Kaptai', 'No. 02 Raikhali UP', 2, 50, '22.4692823', '92.131217611111', 1, '2021-05-24 11:07:34', '2021-05-24 11:07:34'),
(178, 'Belaichhari police station', 'Chittagong', 'Rangamati', 'Belaichhari', 'No. 01 UP', 2, 50, '22.501266666667', '92.337888888889', 1, '2021-05-24 11:07:34', '2021-05-24 11:07:34'),
(179, 'jurachhari police station', 'Chittagong', 'Rangamati', 'Jurachhari', 'No. 01 jurachhari UP', 2, 50, '22.665011111111', '92.389988888889', 1, '2021-05-24 11:07:34', '2021-05-24 11:07:34'),
(180, 'Barkal Police Station', 'Chittagong', 'Rangamati', 'Barkal', 'No. 02 Barkal sadar UP', 2, 50, '22.724033333333', '92.380541666667', 1, '2021-05-24 11:07:34', '2021-05-24 11:07:34'),
(181, 'Naniarchar police station', 'Chittagong', 'Rangamati', 'Naniarchar', 'No. 02 naniarchar UP', 2, 50, '22.841133333333', '92.099633333333', 1, '2021-05-24 11:07:34', '2021-05-24 11:07:34'),
(182, 'Kawkhali police station', 'Chittagong', 'Rangamati', 'Kawkhali', 'No. 02 Ghagra UP', 2, 50, '22.632752777778', '92.039419444444', 1, '2021-05-24 11:07:34', '2021-05-24 11:07:34'),
(183, 'Rajasthali police station', 'Chittagong', 'Rangamati', 'Rajasthali', 'No. 02 gainda UP', 2, 50, '22.366444444444', '92.253972222222', 1, '2021-05-24 11:07:34', '2021-05-24 11:07:34'),
(184, 'Baghaichori police station', 'Chittagong', 'Rangamati', 'Baghaichori municipality', 'Baghaichori Municipality', 2, 50, '23.155741666667', '92.189869444444', 1, '2021-05-24 11:07:34', '2021-05-24 11:07:34'),
(185, 'Sajek police station', 'Chittagong', 'Rangamati', 'Baghaichori', 'No. 38 Sajek UP', 2, 50, '23.381991666667', '92.293822222222', 1, '2021-05-24 11:07:34', '2021-05-24 11:07:34'),
(186, 'Sadar police station', 'Chittagong', 'Khagrachari', 'Sadar', 'Sadar Municipality', 2, 47, '23.112196', '91.989862', 1, '2021-05-24 11:07:34', '2021-05-24 11:07:34'),
(187, 'Dighinela police station', 'Chittagong', 'Khagrachari', 'Dighinala', 'No. 02 Boalkhali UP', 2, 47, '23.251131', '92.066738', 1, '2021-05-24 11:07:34', '2021-05-24 11:07:34'),
(188, 'Mahalchhari police station', 'Chittagong', 'Khagrachari', 'Mahalchhari', '01 no Mahalchhari', 2, 47, '22.9326802', '92.034018', 1, '2021-05-24 11:07:34', '2021-05-24 11:07:34'),
(189, 'Panchhari police station', 'Chittagong', 'Khagrachari', 'Panchhari', 'No. 03 Panchhari sadar up', 2, 47, NULL, NULL, 1, '2021-05-24 11:07:34', '2021-05-24 11:07:34'),
(190, 'Matiranga police station', 'Chittagong', 'Khagrachari', 'Matiranga', 'Matiranga Municipality', 2, 47, '23.042906', '91.87107', 1, '2021-05-24 11:07:34', '2021-05-24 11:07:34'),
(191, 'Manikchharhi police station', 'Chittagong', 'Khagrachari', 'Manikchharhi', 'No. 01 Manikchharhi', 2, 47, NULL, NULL, 1, '2021-05-24 11:07:34', '2021-05-24 11:07:34'),
(192, 'Laxmichari police station', 'Chittagong', 'Khagrachari', 'Laxmichari', '01 no Laxmichhari', 2, 47, NULL, NULL, 1, '2021-05-24 11:07:34', '2021-05-24 11:07:34'),
(193, 'Ramgar police station', 'Chittagong', 'Khagrachari', 'Ramgar', 'Ramgar municipality', 2, 47, '22.99827', '91.73351', 1, '2021-05-24 11:07:34', '2021-05-24 11:07:34'),
(194, 'Sadar police station', 'Chittagong', 'Bandarban', 'Bandarban sadar', 'Bandarban Sadar police station', 2, 40, NULL, NULL, 1, '2021-05-24 11:07:34', '2021-05-24 11:07:34'),
(195, 'Runa police station', 'Chittagong', 'Bandarban', 'Ruma', 'Ruma sadar', 2, 40, NULL, NULL, 1, '2021-05-24 11:07:34', '2021-05-24 11:07:34'),
(196, 'Thanchi police station', 'Chittagong', 'Bandarban', 'Thanchi', NULL, 2, 40, NULL, NULL, 1, '2021-05-24 11:07:34', '2021-05-24 11:07:34'),
(197, 'Alikadam police station', 'Chittagong', 'Bandarban', 'Alikadam upazila', '01 Alikadam Up', 2, 40, '21.653108', '92.309559', 1, '2021-05-24 11:07:34', '2021-05-24 11:07:34'),
(198, 'Royanchari police station', 'Chittagong', 'Bandarban', 'Royanchari', 'No. 03 Aleksyam UP', 2, 40, '22.181391', '92.336849', 1, '2021-05-24 11:07:34', '2021-05-24 11:07:34'),
(199, 'Lama police station', 'Chittagong', 'Bandarban', 'Lama', 'Lama', 2, 40, '21.772145', '92.198442', 1, '2021-05-24 11:07:34', '2021-05-24 11:07:34'),
(200, 'Paba Police Station', 'Rajshahi', 'Rajshahi Metro', 'Paba', NULL, 5, 24, '24.458185', '88.612512', 1, '2021-05-24 11:07:34', '2021-05-24 11:07:34'),
(201, 'Mohanpur police station', 'Rajshahi', 'Rajshahi Metro', 'Mohanpur', NULL, 5, 24, '24.547314', '88.646528', 1, '2021-05-24 11:07:34', '2021-05-24 11:07:34'),
(202, 'Godagari Police Station', 'Rajshahi', 'Rajshahi Metro', 'Godagari', NULL, 5, 24, '24.466801', '88.318154', 1, '2021-05-24 11:07:34', '2021-05-24 11:07:34'),
(203, 'Tanore police station', 'Rajshahi', 'Rajshahi Metro', 'Tanore', NULL, 5, 24, '24.58892', '88.576944', 1, '2021-05-24 11:07:34', '2021-05-24 11:07:34'),
(204, 'Durgapur Police Station', 'Rajshahi', 'Rajshahi Metro', 'Durgapur', NULL, 5, 24, '24.446', '88.764', 1, '2021-05-24 11:07:34', '2021-05-24 11:07:34'),
(205, 'Baghmara police station', 'Rajshahi', 'Rajshahi Metro', 'Baghmara', NULL, 5, 24, '24.415547', '88.850102', 1, '2021-05-24 11:07:34', '2021-05-24 11:07:34'),
(206, 'Puthia Police Station', 'Rajshahi', 'Rajshahi Metro', 'Puthia', NULL, 5, 24, '24.400828', '88.837447', 1, '2021-05-24 11:07:34', '2021-05-24 11:07:34'),
(207, 'Charghat police station', 'Rajshahi', 'Rajshahi Metro', 'Charghat', NULL, 5, 24, '24.281963', '88.747258', 1, '2021-05-24 11:07:34', '2021-05-24 11:07:34'),
(208, 'Bagha police station', 'Rajshahi', 'Rajshahi', 'Bagha', NULL, 5, 24, '24.197457', '88.835445', 1, '2021-05-24 11:07:34', '2021-05-24 11:07:34'),
(209, 'Nawabganj Sadar Model Police Station', 'Rajshahi', ' Chapainawabgonj', 'Nawabganj Sadar', NULL, 5, 22, '24.5995', '88.2685', 1, '2021-05-24 11:07:34', '2021-05-24 11:07:34'),
(210, 'Shibgonj police station', 'Rajshahi', ' Chapainawabgonj', 'Shibgonj', NULL, 5, 22, '24.6831', '88.1551', 1, '2021-05-24 11:07:34', '2021-05-24 11:07:34'),
(211, 'Gomastapur police station', 'Rajshahi', ' Chapainawabgonj', 'Gomastapur', NULL, 5, 22, '24.7804', '88.2777', 1, '2021-05-24 11:07:34', '2021-05-24 11:07:34'),
(212, 'Nachole police station', 'Rajshahi', ' Chapainawabgonj', 'Nachole', NULL, 5, 22, '24.7307', '88.4233', 1, '2021-05-24 11:07:34', '2021-05-24 11:07:34'),
(213, 'Bholahat police station', 'Rajshahi', ' Chapainawabgonj', 'Bholahat', NULL, 5, 22, '24.8205', '88.1857', 1, '2021-05-24 11:07:34', '2021-05-24 11:07:34'),
(214, 'Nagaon sadar police station', 'Rajshahi', 'Nagaon', 'Nagaon', 'Sadar', 5, 20, '24.824447', '88.930013', 1, '2021-05-24 11:07:34', '2021-05-24 11:07:34'),
(215, 'Raninagar Police Station', 'Rajshahi', 'Nagaon', 'Raninagar', 'Raninagar', 5, 20, '24.741721', '88.96694', 1, '2021-05-24 11:07:34', '2021-05-24 11:07:34'),
(216, 'Atrai Police Station', 'Rajshahi', 'Nagaon', 'Atrai', 'No. 4 pacupur', 5, 20, '24.611386', '88.977176', 1, '2021-05-24 11:07:34', '2021-05-24 11:07:34'),
(217, 'Badalgachhi police station', 'Rajshahi', 'Nagaon', 'Badalgachhi', 'Badalgachhi', 5, 20, '24.966417', '88.905848', 1, '2021-05-24 11:07:34', '2021-05-24 11:07:34'),
(218, 'Mohadebpur police station', 'Rajshahi', 'Nagaon', 'Mahadebpur', 'Mahadebpur', 5, 20, '24.919938', '88.746818', 1, '2021-05-24 11:07:34', '2021-05-24 11:07:34'),
(219, 'Manda Police station', 'Rajshahi', 'Nagaon', 'Manda', 'Manda', 5, 20, '31.977144', '81.224593', 1, '2021-05-24 11:07:34', '2021-05-24 11:07:34'),
(220, 'Niamatpur police station', 'Rajshahi', 'Nagaon', 'Niamatpur', 'Niamatpur', 5, 20, '24.83202', '88.57251', 1, '2021-05-24 11:07:34', '2021-05-24 11:07:34'),
(221, 'patnitala police station', 'Rajshahi', 'Nagaon', 'Patnitala', 'Nazipur Municipality', 5, 20, '31.977144', '81.224593', 1, '2021-05-24 11:07:34', '2021-05-24 11:07:34'),
(222, 'Dhamuirhat police station', 'Rajshahi', 'Nagaon', 'Dhamoirhat', 'Dhamoirhat', 5, 20, '25.149831', '88.853791', 1, '2021-05-24 11:07:34', '2021-05-24 11:07:34'),
(223, 'Sapahar police station', 'Rajshahi', 'Nagaon', 'Sapahar', '01 no Sapahar', 5, 20, '25.128', '88.78976', 1, '2021-05-24 11:07:34', '2021-05-24 11:07:34'),
(224, 'Porsha Police Station', 'Rajshahi', 'Nagaon', 'Porsha', 'Porsha', 5, 20, '25.025482', '88.857083', 1, '2021-05-24 11:07:34', '2021-05-24 11:07:34'),
(225, 'Natore police station', 'Rajshahi', 'Natore', 'Natore sadar', 'Natore Municipality', 5, 21, '24.411589', '88.993527', 1, '2021-05-24 11:07:34', '2021-05-24 11:07:34'),
(226, 'Gurdaspur police station', 'Rajshahi', 'Natore', 'Gurdaspur', 'Gurdaspur Municipality', 5, 21, '24.369028', '89.233359', 1, '2021-05-24 11:07:34', '2021-05-24 11:07:34'),
(227, 'Baraigram police station', 'Rajshahi', 'Natore', 'Baraigram', 'Baraigram', 5, 21, '24.177851', '88.462125', 1, '2021-05-24 11:07:34', '2021-05-24 11:07:34'),
(228, 'Lalpur police station', 'Rajshahi', 'Natore', 'Lalpur', 'Lalpur', 5, 21, '24.177846', '88.462121', 1, '2021-05-24 11:07:34', '2021-05-24 11:07:34'),
(229, 'Singra Police Station', 'Rajshahi', 'Natore', 'Singra', 'Singra Municipality', 5, 21, '24.506652', '89.142684', 1, '2021-05-24 11:07:34', '2021-05-24 11:07:34'),
(230, 'Naldanga police station', 'Rajshahi', 'Natore', 'Naldanga', 'Naldanga Municipality', 5, 21, '24.506', '88.955', 1, '2021-05-24 11:07:34', '2021-05-24 11:07:34'),
(231, 'Sujanagar police station', 'Rajshahi', 'Pabna', 'Sujanagar', 'Sujanagar municipality', 5, 23, '23.935517', '89.41103', 1, '2021-05-24 11:07:34', '2021-05-24 11:07:34'),
(232, 'Ishwardi Police Station', 'Rajshahi', 'Pabna', 'ISHWARDI', 'Ishwardi municipality', 5, 23, '24.123209', '89.065239', 1, '2021-05-24 11:07:34', '2021-05-24 11:07:34'),
(233, 'Bhangura police station', 'Rajshahi', 'Pabna', 'Bhangura', 'Bhangura municipality', 5, 23, '24.217014', '89.377176', 1, '2021-05-24 11:07:34', '2021-05-24 11:07:34'),
(234, 'Aminpur police station', 'Rajshahi', 'Pabna', 'Bera', 'Jatasakini-Bera', 5, 23, '23.91393', '89.629832', 1, '2021-05-24 11:07:35', '2021-05-24 11:07:35'),
(235, 'Atgharia police station', 'Rajshahi', 'Pabna', 'Atgharia', 'Municipality-Atgharia', 5, 23, '24.118212', '89.227703', 1, '2021-05-24 11:07:35', '2021-05-24 11:07:35'),
(236, 'Faridpur police station', 'Rajshahi', 'Pabna', 'Faridpur', 'Banaoyarinagara', 5, 23, '24.163186', '89.442682', 1, '2021-05-24 11:07:35', '2021-05-24 11:07:35'),
(237, 'Bera police station', 'Rajshahi', 'Pabna', 'Bera', 'Municipality-Bera', 5, 23, '24.081396', '89.63154', 1, '2021-05-24 11:07:35', '2021-05-24 11:07:35'),
(238, 'Santhia Police Station', 'Rajshahi', 'Pabna', 'Santhia', 'Municipality santhia', 5, 23, '24.111637', '89.241282', 1, '2021-05-24 11:07:35', '2021-05-24 11:07:35'),
(239, 'Ataikula police station', 'Rajshahi', 'Pabna', 'Santhia', 'R-Ataikula', 5, 23, '24.031898', '89.412763', 1, '2021-05-24 11:07:35', '2021-05-24 11:07:35'),
(240, 'Chatmohar police station', 'Rajshahi', 'Pabna', 'Chatmohar', 'Municipality-Chatmohar', 5, 23, '24.231427', '89.287024', 1, '2021-05-24 11:07:35', '2021-05-24 11:07:35'),
(241, 'Sirajgonj police station', 'Rajshahi', 'Sirajgonj', 'Sirajgonj sadar', 'Sirajgonj municipality', 5, 25, '24.458116666667', '89.711194444444', 1, '2021-05-24 11:07:35', '2021-05-24 11:07:35'),
(242, 'Kazipur police station', 'Rajshahi', 'Sirajgonj', 'Kazipur', 'No. 5 Kazipur Sadar union', 5, 25, NULL, NULL, 1, '2021-05-24 11:07:35', '2021-05-24 11:07:35'),
(243, 'Belkuchi police station', 'Rajshahi', 'Sirajgonj', 'Belkuchi', NULL, 5, 25, '24.488055555556', 'roung i/o', 1, '2021-05-24 11:07:35', '2021-05-24 11:07:35'),
(244, 'Bangabandhu Bridge West Police Station', 'Rajshahi', 'Sirajgonj', 'Sirajgonj sadar', NULL, 5, 25, '24.399166666667', '89.761666666667', 1, '2021-05-24 11:07:35', '2021-05-24 11:07:35'),
(245, 'Shajadpur police station', 'Rajshahi', 'Sirajgonj', 'Shajadpur', NULL, 5, 25, '24.175833333333', '89.599444444444', 1, '2021-05-24 11:07:35', '2021-05-24 11:07:35'),
(246, 'Ullahpara police station', 'Rajshahi', 'Sirajgonj', 'Ullahpara', NULL, 5, 25, NULL, NULL, 1, '2021-05-24 11:07:35', '2021-05-24 11:07:35'),
(247, 'Enayetpur police station', 'Rajshahi', 'Sirajgonj', 'Enayetpur police station', NULL, 5, 25, '24.232222222222', NULL, 1, '2021-05-24 11:07:35', '2021-05-24 11:07:35'),
(248, 'Chouhali police station', 'Rajshahi', 'Sirajgonj', 'Chouhali police station', NULL, 5, 25, NULL, '89.799722222222', 1, '2021-05-24 11:07:35', '2021-05-24 11:07:35'),
(249, 'Raigonj Police Station', 'Rajshahi', 'Sirajgonj', 'Raygonj', NULL, 5, 25, '24.500277777778', '89.516666666667', 1, '2021-05-24 11:07:35', '2021-05-24 11:07:35'),
(250, 'Tarash police station', 'Rajshahi', 'Sirajgonj', 'Tarash', NULL, 5, 25, '24.450277777778', '89.36', 1, '2021-05-24 11:07:35', '2021-05-24 11:07:35'),
(251, 'Kamarkhand police station', 'Rajshahi', 'Sirajgonj', 'Kamarkhand', NULL, 5, 25, NULL, '89.653333333333', 1, '2021-05-24 11:07:35', '2021-05-24 11:07:35'),
(252, 'Salanga police station', 'Rajshahi', 'Sirajgonj', 'Raygonj', NULL, 5, 25, '24.417222222222', '89.513055555555', 1, '2021-05-24 11:07:35', '2021-05-24 11:07:35'),
(253, 'Sadar police station', 'Rajshahi', 'Bogra', 'Sadar', 'Sadar municipality', 5, 18, '24.850654', '89.372926', 1, '2021-05-24 11:07:35', '2021-05-24 11:07:35'),
(254, 'Shibgonj police station', 'Rajshahi', 'Bogra', 'Shibgonj', 'Shibgonj Municipality', 5, 18, '25.002514', '89.322469', 1, '2021-05-24 11:07:35', '2021-05-24 11:07:35'),
(255, 'Sonatala police station', 'Rajshahi', 'Bogra', 'Sonatala', 'Sonatala Municipality', 5, 18, '25.0375', '89.5016', 1, '2021-05-24 11:07:35', '2021-05-24 11:07:35'),
(256, 'Sariakandi police station', 'Rajshahi', 'Bogra', 'Sariakandi', 'Sariakandi Municipality', 5, 18, '24.888362', '89.569628', 1, '2021-05-24 11:07:35', '2021-05-24 11:07:35'),
(257, 'Gabtali Model police station', 'Rajshahi', 'Bogra', 'Gabtali', 'Gabtali Municipality', 5, 18, '24.879763', '89.449077', 1, '2021-05-24 11:07:35', '2021-05-24 11:07:35'),
(258, 'Shajahanpur Police Station', 'Rajshahi', 'Bogra', 'Shajahanpur', 'Shajahanpur Municipality', 5, 18, '24.777042', '89.394447', 1, '2021-05-24 11:07:35', '2021-05-24 11:07:35'),
(259, 'Adamdighi police station', 'Rajshahi', 'Bogra', 'Adamdighi', 'Adamdighi Municipality', 5, 18, '24.819336', '89.03834', 1, '2021-05-24 11:07:35', '2021-05-24 11:07:35'),
(260, 'Dupchachia police station', 'Rajshahi', 'Bogra', 'Dupchachia', 'Dupchachia Municipality', 5, 18, '24.875015', '89.180868', 1, '2021-05-24 11:07:35', '2021-05-24 11:07:35'),
(261, 'Kahalu police station', 'Rajshahi', 'Bogra', 'Kahalu', 'Kahalu Municipality', 5, 18, '24.831563', '89.268677', 1, '2021-05-24 11:07:35', '2021-05-24 11:07:35'),
(262, 'Nandigram police station', 'Rajshahi', 'Bogra', 'Nandigram', 'Nandigram Municipality', 5, 18, '24.645735', '89.249652', 1, '2021-05-24 11:07:35', '2021-05-24 11:07:35'),
(263, 'Sherpur Police Station', 'Rajshahi', 'Bogra', 'Sherpur', 'Sherpur municipality', 5, 18, '24.679657', '89.414412', 1, '2021-05-24 11:07:35', '2021-05-24 11:07:35'),
(264, 'Dhunat police station', 'Rajshahi', 'Bogra', 'Dhunat', 'Dhunat Municipality', 5, 18, '24.690184', '89.532534', 1, '2021-05-24 11:07:35', '2021-05-24 11:07:35'),
(265, 'Panchbibi police station', 'Rajshahi', 'Joypurhat ', 'Panchbibi', 'Panchbibi Municipality', 5, 19, '25.189606', '89.017953', 1, '2021-05-24 11:07:35', '2021-05-24 11:07:35'),
(266, 'Kalai police station', 'Rajshahi', 'Joypurhat ', 'Kalai', 'Kalai Municipality', 5, 19, '25.06803', '89.162597', 1, '2021-05-24 11:07:35', '2021-05-24 11:07:35'),
(267, 'Khetlal police station', 'Rajshahi', 'Joypurhat ', 'Khetlal', 'Khetlal Municipality', 5, 19, '25.03885', '89.11987', 1, '2021-05-24 11:07:35', '2021-05-24 11:07:35'),
(268, 'Akkelpur police station', 'Rajshahi', 'Joypurhat ', 'Akkelpur', 'Akkelpur Municipality', 5, 19, '24.96574', '89.020685', 1, '2021-05-24 11:07:35', '2021-05-24 11:07:35'),
(269, 'Rupsa police station', 'Khulna', 'Khulna', 'Rupsa', 'Ts bahirdiya', 4, 59, '22.797388', '89.648166', 1, '2021-05-24 11:07:35', '2021-05-24 11:07:35'),
(270, 'Terokhada police station', 'Khulna', 'Khulna', 'Dighalia', 'Dighalia', 4, 59, '22.9391', '89.669778', 1, '2021-05-24 11:07:35', '2021-05-24 11:07:35'),
(271, 'Dighalia police station', 'Khulna', 'Khulna', 'Dighalia', 'Dighalia', 4, 59, '22.89079', '89.53462', 1, '2021-05-24 11:07:35', '2021-05-24 11:07:35'),
(272, 'Fultala police station', 'Khulna', 'Khulna', 'Fultala', 'Damodar', 4, 59, NULL, NULL, 1, '2021-05-24 11:07:35', '2021-05-24 11:07:35'),
(273, 'Dumuria police station', 'Khulna', 'Khulna', 'Dumuria', 'Dumuria', 4, 59, '22.807876', '89.417979', 1, '2021-05-24 11:07:35', '2021-05-24 11:07:35'),
(274, 'Batiaghata police station', 'Khulna', 'Khulna', 'Batiaghata', 'Batiaghata union', 4, 59, '22.736938', '89.517565', 1, '2021-05-24 11:07:35', '2021-05-24 11:07:35'),
(275, 'Dacope police station', 'Khulna', 'Khulna', 'Dacope', 'Pankhali', 4, 59, '22.600972', '89.516172', 1, '2021-05-24 11:07:35', '2021-05-24 11:07:35'),
(276, 'Paikgacha police station', 'Khulna', 'Khulna', 'Paikgacha', 'Paikgacha union', 4, 59, '22.585184', '89.320529', 1, '2021-05-24 11:07:35', '2021-05-24 11:07:35'),
(277, 'Koira police station', 'Khulna', 'Khulna', 'Koira', 'Koira union', 4, 59, '22.35071', '89.28489', 1, '2021-05-24 11:07:35', '2021-05-24 11:07:35'),
(278, 'Bagerhat Model Police Station', 'Khulna', 'Bagerhat', 'Sadar Upazila', 'Bagerhat Municipality', 4, 0, NULL, NULL, 1, '2021-05-24 11:07:35', '2021-05-24 11:07:35'),
(279, 'Fakirhat Model police station', 'Khulna', 'Bagerhat', 'Fakirhat', 'Mansa-bahirdiya', 4, 0, NULL, NULL, 1, '2021-05-24 11:07:35', '2021-05-24 11:07:35'),
(280, 'Mollahat police station', 'Khulna', 'Bagerhat', 'Mollarhat', 'Udaipur', 4, 0, NULL, NULL, 1, '2021-05-24 11:07:35', '2021-05-24 11:07:35'),
(281, 'Chitalmari police station', 'Khulna', 'Bagerhat', 'Chitalmari', 'Sadar', 4, 0, NULL, NULL, 1, '2021-05-24 11:07:35', '2021-05-24 11:07:35'),
(282, 'Kochua police station', 'Khulna', 'Bagerhat', 'Kochua', 'Kochua', 4, 0, NULL, NULL, 1, '2021-05-24 11:07:35', '2021-05-24 11:07:35'),
(283, 'Morelgonj police station', 'Khulna', 'Bagerhat', 'Morelgonj', 'Morelgonj Municipality', 4, 0, NULL, NULL, 1, '2021-05-24 11:07:35', '2021-05-24 11:07:35'),
(284, 'Sharonkhola police station', 'Khulna', 'Bagerhat', 'Sharonkhola', 'Rayenda', 4, 0, NULL, NULL, 1, '2021-05-24 11:07:35', '2021-05-24 11:07:35'),
(285, 'Rampal Police Station', 'Khulna', 'Bagerhat', 'Rampal', 'Bastali', 4, 0, NULL, NULL, 1, '2021-05-24 11:07:35', '2021-05-24 11:07:35'),
(286, 'Mongla Police Station', 'Khulna', 'Bagerhat', 'Mongla', 'Mongla municipality', 4, 0, NULL, NULL, 1, '2021-05-24 11:07:35', '2021-05-24 11:07:35'),
(287, 'Sadar police station', 'Khulna', 'Satkhira', 'Sadar Upazila', 'Satkhira municipality', 4, 0, NULL, NULL, 1, '2021-05-24 11:07:35', '2021-05-24 11:07:35'),
(288, 'kalaroya police station', 'Khulna', 'Satkhira', 'kalaroya Upazila', 'Kalaroya Municipality', 4, 0, NULL, NULL, 1, '2021-05-24 11:07:35', '2021-05-24 11:07:35'),
(289, 'Tala police station', 'Khulna', 'Satkhira', 'Tala Upazila', 'Tala Union', 4, 0, NULL, NULL, 1, '2021-05-24 11:07:35', '2021-05-24 11:07:35'),
(290, 'Patkelghata police station', 'Khulna', 'Satkhira', 'Tala Upazila', 'Saruliya Union', 4, 0, NULL, NULL, 1, '2021-05-24 11:07:35', '2021-05-24 11:07:35'),
(291, 'Ashashuni police station', 'Khulna', 'Satkhira', 'Assasuni Upazila', 'Ashashuni Union', 4, 0, NULL, NULL, 1, '2021-05-24 11:07:35', '2021-05-24 11:07:35'),
(292, 'Debhata police station', 'Khulna', 'Satkhira', 'Debhata Upazila', 'Debhata Union', 4, 0, NULL, NULL, 1, '2021-05-24 11:07:35', '2021-05-24 11:07:35'),
(293, 'Kaligonj police station', 'Khulna', 'Satkhira', 'Kaligonj Upazila', 'Kusholia Union', 4, 0, NULL, NULL, 1, '2021-05-24 11:07:35', '2021-05-24 11:07:35'),
(294, 'Shyamnagar police station', 'Khulna', 'Satkhira', 'Shyamnagar Upazila', 'Nakipur Union', 4, 0, NULL, NULL, 1, '2021-05-24 11:07:35', '2021-05-24 11:07:35'),
(295, 'Kotwali Model Police Station', 'Khulna', 'Jessore', 'Sadar Upazila', 'Jessore municipality', 4, 57, '23.165606', '89.213884', 1, '2021-05-24 11:07:35', '2021-05-24 11:07:35');
INSERT INTO `thanas` (`id`, `name`, `division`, `district`, `upazila`, `unions`, `division_id`, `district_id`, `latitude`, `longitude`, `status`, `created_at`, `updated_at`) VALUES
(296, 'Jhikorgachha police station', 'Khulna', 'Jessore', 'Jhikargachha', 'Jhikargachha Municipality', 4, 57, '23.099736', '89.096851', 1, '2021-05-24 11:07:35', '2021-05-24 11:07:35'),
(297, 'Chaugachha police station', 'Khulna', 'Jessore', 'Chaugachha', 'Chaugachha Municipality', 4, 57, '23.268837', '89.022713', 1, '2021-05-24 11:07:35', '2021-05-24 11:07:35'),
(298, 'Sharsha police station', 'Khulna', 'Jessore', 'Sharsha', 'Sharsha UP', 4, 57, '23.056974', '89.951162', 1, '2021-05-24 11:07:35', '2021-05-24 11:07:35'),
(299, 'Benapole Port Police Station', 'Khulna', 'Jessore', 'Sharsha', 'Benapol Municipality', 4, 57, '23.041608', '88.892754', 1, '2021-05-24 11:07:35', '2021-05-24 11:07:35'),
(300, 'Monirampur police station', 'Khulna', 'Jessore', 'Monirampur', 'Monirampur Municipality', 4, 57, '23.025967', '89.233604', 1, '2021-05-24 11:07:35', '2021-05-24 11:07:35'),
(301, 'Keshabpur police station', 'Khulna', 'Jessore', 'Keshabpur', 'Keshabpur Municipality', 4, 57, '23.025867', '89.233704', 1, '2021-05-24 11:07:35', '2021-05-24 11:07:35'),
(302, 'Abhaynagar police station', 'Khulna', 'Jessore', 'Abhaynagar', 'Abhaynagar Municipality', 4, 57, '23.0201455', '89.408163', 1, '2021-05-24 11:07:35', '2021-05-24 11:07:35'),
(303, 'Bagharpara police station', 'Khulna', 'Jessore', 'Bagharpara', 'Bagharpara Municipality', 4, 57, '23.222195', '89.348877', 1, '2021-05-24 11:07:35', '2021-05-24 11:07:35'),
(304, 'Jhenaidha police station', 'Khulna', 'Jhenaidha', 'Sadar Upazila', 'Jhenaidaha Municipality', 4, 58, NULL, NULL, 1, '2021-05-24 11:07:35', '2021-05-24 11:07:35'),
(305, 'Shailkupa police station', 'Khulna', 'Jhenaidha', 'Shailkupa Upazila', 'Shailkupa Municipality', 4, 58, NULL, NULL, 1, '2021-05-24 11:07:35', '2021-05-24 11:07:35'),
(306, 'Harinakunda police station', 'Khulna', 'Jhenaidha', 'Harinakunda Upazila', 'Harinakunda Municipality', 4, 58, NULL, NULL, 1, '2021-05-24 11:07:35', '2021-05-24 11:07:35'),
(307, 'Kaligonj police station', 'Khulna', 'Jhenaidha', 'Kaligonj Upazila', 'Kaligonj Municipality', 4, 58, NULL, NULL, 1, '2021-05-24 11:07:35', '2021-05-24 11:07:35'),
(308, 'Courtchandpur police station', 'Khulna', 'Jhenaidha', 'Kotchandpur Upazila', 'Kotchandpur Municipality', 4, 58, NULL, NULL, 1, '2021-05-24 11:07:35', '2021-05-24 11:07:35'),
(309, 'Moheshpur police station', 'Khulna', 'Jhenaidha', 'Mohespur Upazila', 'Mohespur Municipality', 4, 58, NULL, NULL, 1, '2021-05-24 11:07:35', '2021-05-24 11:07:35'),
(310, 'Magura Sadar Police Station', 'Khulna', 'Magura', 'Magura', 'Magura municipality', 4, 61, '23.490786', '89.422816', 1, '2021-05-24 11:07:35', '2021-05-24 11:07:35'),
(311, 'Sreepur police station', 'Khulna', 'Magura', 'Sreepur', 'Sreepur union', 4, 61, '23.592437', '89.394257', 1, '2021-05-24 11:07:35', '2021-05-24 11:07:35'),
(312, 'Mohammadpur Police Station', 'Khulna', 'Magura', 'Mohammadpur', 'Mohammadpur Union', 4, 61, '23.397173', '89.607318', 1, '2021-05-24 11:07:35', '2021-05-24 11:07:35'),
(313, 'Salikha police station', 'Khulna', 'Magura', 'Salikha', 'Arpara Union', 4, 61, '23.37202509', '89.36882771', 1, '2021-05-24 11:07:35', '2021-05-24 11:07:35'),
(314, 'Sadar police station', 'Khulna', 'Narail', 'Narail Sadar', 'Narail Municipality', 4, 63, '23.170682', '89.507628', 1, '2021-05-24 11:07:35', '2021-05-24 11:07:35'),
(315, 'Lohagara police station', 'Khulna', 'Narail', 'Lohagara', 'Lohagara Municipality', 4, 63, '23.18235', '89.646972', 1, '2021-05-24 11:07:35', '2021-05-24 11:07:35'),
(316, 'Kalia police station', 'Khulna', 'Narail', 'Kalia police station', 'Kalia Municipality', 4, 63, '23.038562', '89.667445', 1, '2021-05-24 11:07:35', '2021-05-24 11:07:35'),
(317, 'Naragati police station', 'Khulna', 'Narail', 'Naragati oplice station', 'Naragati Union', 4, 63, '31.977144', '81.224593', 1, '2021-05-24 11:07:35', '2021-05-24 11:07:35'),
(318, 'Kustia model police station', 'Khulna', 'Kustia', 'Kustia sadar', 'Kustia Municipality', 4, 60, '23.90788', '89.128167', 1, '2021-05-24 11:07:35', '2021-05-24 11:07:35'),
(319, 'Daulatpur police station', 'Khulna', 'Kustia', 'Daulatpur', '10 no Daulatpur Union', 4, 60, '23.977621', '88.995599', 1, '2021-05-24 11:07:35', '2021-05-24 11:07:35'),
(320, 'Beramara police station', 'Khulna', 'Kustia', 'Beramara', 'Beramara Municipality', 4, 60, '23.977621', '88.995599', 1, '2021-05-24 11:07:35', '2021-05-24 11:07:35'),
(321, 'Mirpur police station', 'Khulna', 'Kustia', 'Mirpur', 'Mirpur Municipality', 4, 60, '23.940732', '89.002926', 1, '2021-05-24 11:07:35', '2021-05-24 11:07:35'),
(322, 'Kumarkhali police station', 'Khulna', 'Kustia', 'Kumarkhali', 'Kumarkhali Municipality', 4, 60, '23.860266', '89.239706', 1, '2021-05-24 11:07:35', '2021-05-24 11:07:35'),
(323, 'Khoksa police station', 'Khulna', 'Kustia', 'Khoksa', 'Khoksa Municipality', 4, 60, '23.80262', '89.282128', 1, '2021-05-24 11:07:35', '2021-05-24 11:07:35'),
(324, 'Islami University Police Station', 'Khulna', 'Kustia', 'Kustia sadar', 'No. 12 Harinarayanpur Union', 4, 60, '23.889683', '89.115993', 1, '2021-05-24 11:07:35', '2021-05-24 11:07:35'),
(325, 'Chuadangha police station', 'Khulna', 'Chuadangha', 'Chuadangha sadar', 'Chuadangha Municipality', 4, 56, '23.645068', '88.844548', 1, '2021-05-24 11:07:35', '2021-05-24 11:07:35'),
(326, 'Alamdanga police station', 'Khulna', 'Chuadangha', 'Alamdangha', 'Alamdangha Municipality', 4, 56, '23.758887', '88.943879', 1, '2021-05-24 11:07:35', '2021-05-24 11:07:35'),
(327, 'Damurhuda police station', 'Khulna', 'Chuadangha', 'Damurhuda', 'Damurhuda Union', 4, 56, '23.60134', '88.775542', 1, '2021-05-24 11:07:35', '2021-05-24 11:07:35'),
(328, 'Jibannagar police station', 'Khulna', 'Chuadangha', 'Jibannagar', 'Jibannagar Municipality', 4, 56, '23.428534', '88.812204', 1, '2021-05-24 11:07:35', '2021-05-24 11:07:35'),
(329, 'Meherpur sadar police station', 'Khulna', 'Meherpur', 'Meherpur sadar', 'Meherpur Municipality', 4, 62, '23.77871', '88.62657', 1, '2021-05-24 11:07:35', '2021-05-24 11:07:35'),
(330, 'Gangni Police Station', 'Khulna', 'Meherpur', 'Gangni', 'Gangni Municipality', 4, 62, '23.8102', '88.75793', 1, '2021-05-24 11:07:35', '2021-05-24 11:07:35'),
(331, 'Mujibnagar police station', 'Khulna', 'Meherpur', 'Mujibanagar', 'Bagoyana Union Council No. 3', 4, 62, '23.6554', '88.59913', 1, '2021-05-24 11:07:35', '2021-05-24 11:07:35'),
(332, 'Osmaninagar police station', '  Sylhet', '  Sylhet', 'Osmaninagar', '5 no goyalbazar', 7, 54, '24.71456', '91.745033', 1, '2021-05-24 11:07:35', '2021-05-24 11:07:35'),
(333, 'Balagonj police station', '  Sylhet', '  Sylhet', 'Balagonj', '5 no balagonj', 7, 54, '24.654281', '91.825422', 1, '2021-05-24 11:07:35', '2021-05-24 11:07:35'),
(334, 'fenchugonj police station', '  Sylhet', '  Sylhet', 'Fenchugonj', '1 no Fenchugonj', 7, 54, '24.70067', '91.945902', 1, '2021-05-24 11:07:35', '2021-05-24 11:07:35'),
(335, 'Bishwanath police station', '  Sylhet', '  Sylhet', 'Bishwanath', '6 no Bishwanath sadar', 7, 54, '24.823004', '91.734416', 1, '2021-05-24 11:07:35', '2021-05-24 11:07:35'),
(336, 'Golapganj Model  police station', '  Sylhet', '  Sylhet', 'Golapgonj', ' 02 no Golapgonj', 7, 54, '24.856937', '92.01271', 1, '2021-05-24 11:07:35', '2021-05-24 11:07:35'),
(337, 'beanibazar police station', '  Sylhet', '  Sylhet', 'Beanibazar', ' municipality', 7, 54, '24.825393', '92.159283', 1, '2021-05-24 11:07:35', '2021-05-24 11:07:35'),
(338, 'Zakiganj police station', '  Sylhet', '  Sylhet', 'Zakigonj', 'No. 6 Beanibazar (Municipality)', 7, 54, NULL, NULL, 1, '2021-05-24 11:07:35', '2021-05-24 11:07:35'),
(339, ' Gowainghat police station', '  Sylhet', '  Sylhet', 'Gowainghat', 'No. 5 zakigonj', 7, 54, '25.093138', '91.982908', 1, '2021-05-24 11:07:35', '2021-05-24 11:07:35'),
(340, 'Companigonj police station', '  Sylhet', '  Sylhet', 'Companigonj', 'No. 02 West Jaflong', 7, 54, '25.088732', '91.759299', 1, '2021-05-24 11:07:35', '2021-05-24 11:07:35'),
(341, 'Kanaighat Police Station', '  Sylhet', '  Sylhet', 'Kanaighat', 'No. 1 West Islampur', 7, 54, '25.008918', '92.256296', 1, '2021-05-24 11:07:35', '2021-05-24 11:07:35'),
(342, 'Jaintiapur Model police station', '  Sylhet', '  Sylhet', 'Jaintiapur', 'No. 6 kanaighat (Municipality)', 7, 54, '25.135994', '92.12265', 1, '2021-05-24 11:07:35', '2021-05-24 11:07:35'),
(343, 'Moulabhibazar Model  police station', '  Sylhet', 'Moulabhibazar', 'Sadar', 'Moulabhibazar municipality', 0, 52, '24.479167', '91.765732', 1, '2021-05-24 11:07:35', '2021-05-24 11:07:35'),
(344, 'City outpost(old police station)', '  Sylhet', 'Moulabhibazar', 'Sadar', 'Moulabhibazar municipality', 0, 52, '24.490197', '91.769112', 1, '2021-05-24 11:07:35', '2021-05-24 11:07:35'),
(345, 'Sreemongol police station', '  Sylhet', 'Moulabhibazar', 'Srimangal', 'Sreemongol municipality', 0, 52, '24.308007', '91.732415', 1, '2021-05-24 11:07:35', '2021-05-24 11:07:35'),
(346, 'kamalgonj police station', '  Sylhet', 'Moulabhibazar', 'Kamalgonj', 'Kamalgonj Municipality', 0, 52, '24.350302', '91.846777', 1, '2021-05-24 11:07:35', '2021-05-24 11:07:35'),
(347, 'Rajnagar Police Station (new)', '  Sylhet', 'Moulabhibazar', 'Rajnagar', 'Rajnagar', 0, 52, '24.518082', '91.859019', 1, '2021-05-24 11:07:35', '2021-05-24 11:07:35'),
(348, 'Rajnagar police station (old)', '  Sylhet', 'Moulabhibazar', 'Rajnagar', 'Rajnagar', 0, 52, '24.527976', '91.853841', 1, '2021-05-24 11:07:35', '2021-05-24 11:07:35'),
(349, ' kulaura police station', '  Sylhet', 'Moulabhibazar', 'Kulaura', 'Kulaura Municipality', 0, 52, '24.523662', '92.034549', 1, '2021-05-24 11:07:35', '2021-05-24 11:07:35'),
(350, 'Juri police station', '  Sylhet', 'Moulabhibazar', 'Juri', 'West juri', 0, 52, '24.603833', '92.124297', 1, '2021-05-24 11:07:35', '2021-05-24 11:07:35'),
(351, 'Sadar model police station', '  Sylhet', 'Habigonj', 'Habigonj sadar', 'Habigonj Municipality', 0, 51, '24.361861111111', '89.420891666667', 1, '2021-05-24 11:07:35', '2021-05-24 11:07:35'),
(352, ' Chunarughat police station', '  Sylhet', 'Habigonj', 'Chunarughat', 'Chunarughat Municipality', 0, 51, '24.197519444444', '91.441080555556', 1, '2021-05-24 11:07:35', '2021-05-24 11:07:35'),
(353, ' Madhabpur police station', '  Sylhet', 'Habigonj', 'Madhabpur', 'Madhabpur Municipality', 0, 51, '24.095186111111', '91.292183333333', 1, '2021-05-24 11:07:35', '2021-05-24 11:07:35'),
(354, 'Bahubal police station', '  Sylhet', 'Habigonj', 'Bahubal', '4 no Bahubal sadar', 0, 51, '24.5735', NULL, 1, '2021-05-24 11:07:35', '2021-05-24 11:07:35'),
(355, 'Police station nabigonj', '  Sylhet', 'Habigonj', 'Nabigonj', 'Nabigonj Municipality', 0, 51, '24.560166666667', '91.234991666667', 1, '2021-05-24 11:07:35', '2021-05-24 11:07:35'),
(356, 'Police station Baniachang', '  Sylhet', 'Habigonj', 'Baniachang', 'Baniachang No. 01  north-east', 0, 51, '24.524780555555', '91.369038888889', 1, '2021-05-24 11:07:35', '2021-05-24 11:07:35'),
(357, 'Police station  Ajmirigonj', '  Sylhet', 'Habigonj', 'Ajmirigonj', 'Ajmirigonj Municipality', 0, 51, '24.560105555555', '91.234991666667', 1, '2021-05-24 11:07:35', '2021-05-24 11:07:35'),
(358, 'Ajmirigonj police station sibpasa outpost', '  Sylhet', 'Habigonj', 'Ajmirigonj', 'No. 05 sibpasa', 0, 51, '24.325880555555', '91.189611111111', 1, '2021-05-24 11:07:35', '2021-05-24 11:07:35'),
(359, 'Ajmirigonj police station kakailacheo naval outpost', '  Sylhet', 'Habigonj', 'Ajmirigonj', 'No. 04 kakailacheo', 0, 51, '24.325325', '91.189330555556', 1, '2021-05-24 11:07:35', '2021-05-24 11:07:35'),
(360, 'Sunamgonj Model  police station', '  Sylhet', 'Sunamgonj', 'Sunamgonj sadar', 'Sunamgonj municipality', 0, 53, '25.073956', '91.394862', 1, '2021-05-24 11:07:35', '2021-05-24 11:07:35'),
(361, 'Jagannathpur police station', '  Sylhet', 'Sunamgonj', 'Jagannathpur', 'Jagannathpur Municipality', 0, 53, '24.768911', '91.54705', 1, '2021-05-24 11:07:35', '2021-05-24 11:07:35'),
(362, 'South Sunamgonj police station', '  Sylhet', 'Sunamgonj', 'South sunamgonj', 'Joykalas', 0, 53, '24.938924', '91.411855', 1, '2021-05-24 11:07:35', '2021-05-24 11:07:35'),
(363, 'Doyarabazar police station', '  Sylhet', 'Sunamgonj', 'Doyarbazar', 'Doyarabazar sadar ', 0, 53, '25.049542', '91.558578', 1, '2021-05-24 11:07:35', '2021-05-24 11:07:35'),
(364, 'Bishwamvarpur police station', '  Sylhet', 'Sunamgonj', 'Bishwamvarpur', 'Palash', 0, 53, '25.099106', '91.30151', 1, '2021-05-24 11:07:35', '2021-05-24 11:07:35'),
(365, 'Maddhanagar police station', '  Sylhet', 'Sunamgonj', 'Dharmapasha', 'Maddhanagar', 0, 53, '25.050455', '91.9938454', 1, '2021-05-24 11:07:35', '2021-05-24 11:07:35'),
(366, 'Dharmapasha police station', '  Sylhet', 'Sunamgonj', 'Dharmapasha', 'Dharmapasha', 0, 53, '24.896077', '90.011506', 1, '2021-05-24 11:07:35', '2021-05-24 11:07:35'),
(367, 'Tahirpur police station', '  Sylhet', 'Sunamgonj', 'Tahirpur', 'Tahirpur sadar', 0, 53, '25.099662', '91.178856', 1, '2021-05-24 11:07:35', '2021-05-24 11:07:35'),
(368, 'Shalla police station', '  Sylhet', 'Sunamgonj', 'Shalla', 'No. 3 bahara', 0, 53, '24.670152', '91.178856', 1, '2021-05-24 11:07:35', '2021-05-24 11:07:35'),
(369, 'Chattak police station', '  Sylhet', 'Sunamgonj', 'Chattak', 'Chattak Municipality', 0, 53, '25.038453', '91.178856', 1, '2021-05-24 11:07:35', '2021-05-24 11:07:35'),
(370, 'Derai police station', '  Sylhet', 'Sunamgonj', 'Derai', 'Derai Municipality', 0, 53, '24.79008', '91.178856', 1, '2021-05-24 11:07:35', '2021-05-24 11:07:35'),
(371, 'Jamalgonj police station', '  Sylhet', 'Sunamgonj', 'Jamalgonj', 'Jamalgonj sadar', 0, 53, '25.00088', '91.236528', 1, '2021-05-24 11:07:35', '2021-05-24 11:07:35'),
(372, 'Bakerganj police station', 'Barishal', 'Barisal', 'Bakergonj', 'Bakergonj Municipality', 1, 35, '22.541513', '90.337931', 1, '2021-05-24 11:07:35', '2021-05-24 11:07:35'),
(373, 'Babugonj police station', 'Barishal', 'Barisal', 'Babugonj', 'Rahmatpur', 1, 35, '22.820305', '90.325403', 1, '2021-05-24 11:07:35', '2021-05-24 11:07:35'),
(374, 'Wazirpur police station', 'Barishal', 'Barisal', 'Wazirpur', 'Wazirpur Municipality', 1, 35, '22.819232', '90.241797', 1, '2021-05-24 11:07:35', '2021-05-24 11:07:35'),
(375, 'Gaurnadi police station', 'Barishal', 'Barisal', 'Gaurnadi', 'Gaurnadi Municipality', 1, 35, '22.973997', '90.231046', 1, '2021-05-24 11:07:35', '2021-05-24 11:07:35'),
(376, 'Agailjhara police station', 'Barishal', 'Barisal', 'Agailjhara', 'Gaila UP', 1, 35, '22.968392', '90.15419', 1, '2021-05-24 11:07:35', '2021-05-24 11:07:35'),
(377, 'Hizla police station', 'Barishal', 'Barisal', 'Hizla', 'UP barajaliya Ward no 02', 1, 35, '22.911175', '90.499162', 1, '2021-05-24 11:07:35', '2021-05-24 11:07:35'),
(378, 'Muladi Police Station', 'Barishal', 'Barisal', 'Muladi', 'Muladi municipality', 1, 35, '22.908958', '90.40729', 1, '2021-05-24 11:07:35', '2021-05-24 11:07:35'),
(379, 'kazirhat police station', 'Barishal', 'Barisal', 'Mehendigonj', 'UP No. 5 Ward Lata', 1, 35, '22.862507', '90.430565', 1, '2021-05-24 11:07:35', '2021-05-24 11:07:35'),
(380, 'Patuakhali Sadar police station', 'Barishal', 'Patuakhali', 'Patuakhali', 'Patuakhali municipality', 1, 38, '22.363533333333', '90.340227777778', 1, '2021-05-24 11:07:35', '2021-05-24 11:07:35'),
(381, 'Bauphal police station', 'Barishal', 'Patuakhali', 'Bauphal', 'Bauphal Municipality', 1, 38, '22.416747222222', '90.562738888889', 1, '2021-05-24 11:07:35', '2021-05-24 11:07:35'),
(382, 'Dashmina police station', 'Barishal', 'Patuakhali', 'Dashmina', 'Ward no 01', 1, 38, '22.283913888889', '90.562738888889', 1, '2021-05-24 11:07:35', '2021-05-24 11:07:35'),
(383, 'Mirzagonj police station', 'Barishal', 'Patuakhali', 'Mirzagonj', 'Ward no 02', 1, 38, '22.363061111111', '90.230808333333', 1, '2021-05-24 11:07:35', '2021-05-24 11:07:35'),
(384, 'Galachipa police station', 'Barishal', 'Patuakhali', 'Galachipa', 'Galachipa Municipality', 1, 38, NULL, NULL, 1, '2021-05-24 11:07:35', '2021-05-24 11:07:35'),
(385, 'Rangabali police station', 'Barishal', 'Patuakhali', 'Rangabali', 'Rangabali Union', 1, 38, NULL, NULL, 1, '2021-05-24 11:07:35', '2021-05-24 11:07:35'),
(386, 'Charmontaj Police police station', 'Barishal', 'Patuakhali', 'Rangabali', 'Charmontaj', 1, 38, '21.902288888889', '90.523063888889', 1, '2021-05-24 11:07:35', '2021-05-24 11:07:35'),
(387, 'Kalapara police station', 'Barishal', 'Patuakhali', 'Kalapara', 'Kalapara Municipality', 1, 38, '21.982872222222', '90.224641666667', 1, '2021-05-24 11:07:35', '2021-05-24 11:07:35'),
(388, 'Mahipur police station', 'Barishal', 'Patuakhali', 'Kalapara', 'Mahipur', 1, 38, '21.8514318', '90.1229503', 1, '2021-05-24 11:07:35', '2021-05-24 11:07:35'),
(389, 'Bhola Sadar Model police station', 'Barishal', 'Bhola', 'Bhola sadar', 'Bhola Municipality', 1, 36, '22.687909', '90.645378', 1, '2021-05-24 11:07:35', '2021-05-24 11:07:35'),
(390, 'Daulatkhan Police station Bhola', 'Barishal', 'Bhola', 'Daulatkhan', NULL, 1, 36, '22.606162', '90.74678', 1, '2021-05-24 11:07:35', '2021-05-24 11:07:35'),
(391, 'Tazumoddin Police station Bhola', 'Barishal', 'Bhola', 'Tazumuddin', '03 no Chandpur', 1, 36, '22.415117', '90.852112', 1, '2021-05-24 11:07:35', '2021-05-24 11:07:35'),
(392, 'Burhanuddin police station Bhola', 'Barishal', 'Bhola', 'Burhanuddin', 'Kutba', 1, 36, NULL, NULL, 1, '2021-05-24 11:07:35', '2021-05-24 11:07:35'),
(393, 'Lalmohon Police station Bhola', 'Barishal', 'Bhola', 'Lalmohon', 'Lalmohon Municipality', 1, 36, '22.340953', '90.73848', 1, '2021-05-24 11:07:35', '2021-05-24 11:07:35'),
(394, 'Monpura Police station Bhola', 'Barishal', 'Bhola', 'Monpura', 'Hajipur', 1, 36, NULL, '90.96560336', 1, '2021-05-24 11:07:35', '2021-05-24 11:07:35'),
(395, 'Sasibhusan Police station Bhola', 'Barishal', 'Bhola', 'Charfashion', 'Rasulpur', 1, 36, NULL, NULL, 1, '2021-05-24 11:07:35', '2021-05-24 11:07:35'),
(396, 'South Aicha Police station Bhola', 'Barishal', 'Bhola', 'Charfashion', 'Char Manika', 1, 36, '22.026077', '90.678699', 1, '2021-05-24 11:07:35', '2021-05-24 11:07:35'),
(397, 'Nesarabad police station', 'Barishal', 'Pirojpur', 'Nesarabad', 'Nesarabad Sadar', 1, 39, NULL, NULL, 1, '2021-05-24 11:07:35', '2021-05-24 11:07:35'),
(398, 'Nazirpur police station', 'Barishal', 'Pirojpur', 'Nazirpur', 'Nazirpur sadar', 1, 39, '22.70868', '89.972686', 1, '2021-05-24 11:07:35', '2021-05-24 11:07:35'),
(399, 'Pirojpur police station', 'Barishal', 'Pirojpur', 'Pirojpur', 'Pirojpur municipality', 1, 39, NULL, NULL, 1, '2021-05-24 11:07:35', '2021-05-24 11:07:35'),
(400, 'Pirojpur city police outpost sadar police station', 'Barishal', 'Pirojpur', 'Pirojpur', 'Pirojpur municipality', 1, 39, NULL, NULL, 1, '2021-05-24 11:07:35', '2021-05-24 11:07:35'),
(401, 'Kawkhali police station', 'Barishal', 'Pirojpur', 'Kawkhali', 'Kawkhali sadar', 1, 39, NULL, NULL, 1, '2021-05-24 11:07:35', '2021-05-24 11:07:35'),
(402, 'Indurkani police station', 'Barishal', 'Pirojpur', 'Indurkani', 'Indurkani sadar', 1, 39, '22.486563', '89.966292', 1, '2021-05-24 11:07:35', '2021-05-24 11:07:35'),
(403, 'Parerhat marine police station outpost Indurkani', 'Barishal', 'Pirojpur', 'Indurkani', 'Parerhat', 1, 39, '22.507502', '89.99383', 1, '2021-05-24 11:07:35', '2021-05-24 11:07:35'),
(404, 'Bhandaria police station', 'Barishal', 'Pirojpur', 'Bhandaria', 'Bhandaria Municipality', 1, 39, '22.487', '90.057', 1, '2021-05-24 11:07:35', '2021-05-24 11:07:35'),
(405, 'Mathbaria police station', 'Barishal', 'Pirojpur', 'Mathbaria', 'Mathbaria Municipality', 1, 39, NULL, NULL, 1, '2021-05-24 11:07:35', '2021-05-24 11:07:35'),
(406, 'Sadar police station', 'Barishal', 'Barguna', 'Barguna', 'Barguna Municipality', 1, 34, NULL, NULL, 1, '2021-05-24 11:07:35', '2021-05-24 11:07:35'),
(407, 'Amtali police station ', 'Barishal', 'Barguna', 'Amtali ', 'Amtoli Municipality', 1, 34, NULL, NULL, 1, '2021-05-24 11:07:35', '2021-05-24 11:07:35'),
(408, 'Taltali police station ', 'Barishal', 'Barguna', 'Taltali ', 'No. 05 Barabagi Union', 1, 34, NULL, NULL, 1, '2021-05-24 11:07:35', '2021-05-24 11:07:35'),
(409, 'Patharghata Police Station', 'Barishal', 'Barguna', 'Patharghata', 'Patharghata Municipality', 1, 34, NULL, NULL, 1, '2021-05-24 11:07:35', '2021-05-24 11:07:35'),
(410, 'Bamna police station', 'Barishal', 'Barguna', 'Bamna', 'No. 02 Bamna Union', 1, 34, NULL, NULL, 1, '2021-05-24 11:07:35', '2021-05-24 11:07:35'),
(411, 'Betagi police station', 'Barishal', 'Barguna', 'Betagi', 'Betagi Municipality', 1, 34, NULL, NULL, 1, '2021-05-24 11:07:35', '2021-05-24 11:07:35'),
(412, 'Sadar police station', 'Barishal', 'Jhalokati', 'Jhalokati sadar', '05 Ward (Municipality)', 1, 37, '22.63877', '90.197753', 1, '2021-05-24 11:07:35', '2021-05-24 11:07:35'),
(413, 'Nalchity police station', 'Barishal', 'Jhalokati', 'Nalchity upazila', 'Nalchity Municipality', 1, 37, '22.634597', '90.268192', 1, '2021-05-24 11:07:35', '2021-05-24 11:07:35'),
(414, 'Rajapur police station', 'Barishal', 'Jhalokati', 'Rajapur upazila', 'Rajapur Municipality', 1, 37, '22.570459', '90.141832', 1, '2021-05-24 11:07:35', '2021-05-24 11:07:35'),
(415, 'Kathalia police station', 'Barishal', 'Jhalokati', 'Kathalia upazila', 'No. 4 Kathalia Municipality', 1, 37, '22.710209', '90.358441', 1, '2021-05-24 11:07:35', '2021-05-24 11:07:35'),
(416, 'Kotwali Police Station', 'Rangpur', 'Rangpur Metro', 'Rangpur sadar', 'Rangpur City Corporation', 6, 32, '25.74925', '89.246683', 1, '2021-05-24 11:07:35', '2021-05-24 11:07:35'),
(417, 'Kaunia police station', 'Rangpur', 'Rangpur', 'Kaunia', 'No. 5 Balapara UP', 6, 32, '25.7698231', '89.408737', 1, '2021-05-24 11:07:35', '2021-05-24 11:07:35'),
(418, 'Badargonj police station', 'Rangpur', 'Rangpur', 'Badargonj', 'Badargonj Municipality', 6, 32, '25.675535', '89.055715', 1, '2021-05-24 11:07:35', '2021-05-24 11:07:35'),
(419, 'Gangachara Model police station', 'Rangpur', 'Rangpur', 'Gangachara', 'Gangachara up', 6, 32, '25.51102834', '89.13602292', 1, '2021-05-24 11:07:35', '2021-05-24 11:07:35'),
(420, 'Pirgonj police station', 'Rangpur', 'Rangpur', 'Pirgonj', 'Pirgonj', 6, 32, '25.417311', '89.303856', 1, '2021-05-24 11:07:35', '2021-05-24 11:07:35'),
(421, 'Pirgachha police station', 'Rangpur', 'Rangpur', 'Pirgachha', 'Pirgachha', 6, 32, '25.6591141', '89.409381', 1, '2021-05-24 11:07:35', '2021-05-24 11:07:35'),
(422, 'Taragonj police station', 'Rangpur', 'Rangpur', 'Taragonj', 'No. 2 kursa UP', 6, 32, '25.817907', '89.011355', 1, '2021-05-24 11:07:35', '2021-05-24 11:07:35'),
(423, 'Rajibpur police station', 'Rangpur', 'Kurigram ', 'Rajibapur police station', 'Rajibapur police station', 6, 28, '25.441813888889', '89.793519444444', 1, '2021-05-24 11:07:35', '2021-05-24 11:07:35'),
(424, 'Kachkata police station', 'Rangpur', 'Kurigram ', 'Nageshwari police station', 'Ballabher Khash', 6, 28, NULL, NULL, 1, '2021-05-24 11:07:35', '2021-05-24 11:07:35'),
(425, 'Dhusmara police station', 'Rangpur', 'Kurigram ', 'Cilmari police station', 'Austami Char', 6, 28, NULL, NULL, 1, '2021-05-24 11:07:35', '2021-05-24 11:07:35'),
(426, 'Nageshwari police station', 'Rangpur', 'Kurigram ', 'Nageshwari police station', 'Nageshwari', 6, 28, '25.964312', '89.689427', 1, '2021-05-24 11:07:35', '2021-05-24 11:07:35'),
(427, 'Raumari police station', 'Rangpur', 'Kurigram ', 'Raumari police station', 'Raumari', 6, 28, NULL, NULL, 1, '2021-05-24 11:07:35', '2021-05-24 11:07:35'),
(428, 'Ulipur police station', 'Rangpur', 'Kurigram ', 'Ulipur police station', 'Ulipur Municipality', 6, 28, NULL, NULL, 1, '2021-05-24 11:07:35', '2021-05-24 11:07:35'),
(429, 'Rajarhat police station', 'Rangpur', 'Kurigram ', 'Rajarhat police station', 'Cakirpasa', 6, 28, NULL, NULL, 1, '2021-05-24 11:07:35', '2021-05-24 11:07:35'),
(430, 'Bhurungamari police station', 'Rangpur', 'Kurigram ', 'Bhurungamari police station', 'Bhurungamari', 6, 28, '26.109573', '89.671267', 1, '2021-05-24 11:07:35', '2021-05-24 11:07:35'),
(431, 'Kurigram police station', 'Rangpur', 'Kurigram ', 'Kurigram police station', 'Kurigram', 6, 28, NULL, NULL, 1, '2021-05-24 11:07:35', '2021-05-24 11:07:35'),
(432, 'Fulbari Police Station', 'Rangpur', 'Kurigram ', 'Fulbari police station', 'Fulbari', 6, 28, NULL, NULL, 1, '2021-05-24 11:07:35', '2021-05-24 11:07:35'),
(433, 'Cilmari police station', 'Rangpur', 'Kurigram ', 'Cilmari police station', '03 no Thanahat', 6, 28, '25.5888139', '89.662572', 1, '2021-05-24 11:07:35', '2021-05-24 11:07:35'),
(434, 'Kotwali Police Station', 'Rangpur', 'Dinajpur ', 'Sadar Upazila', 'Dinajpur Municipality', 6, 26, NULL, NULL, 1, '2021-05-24 11:07:35', '2021-05-24 11:07:35'),
(435, 'Chirirbandar Police station', 'Rangpur', 'Dinajpur ', 'Chirirbandar', 'Chirirbandar', 6, 26, NULL, NULL, 1, '2021-05-24 11:07:35', '2021-05-24 11:07:35'),
(436, 'Parbatipur police station', 'Rangpur', 'Dinajpur ', 'Parbatipur', 'Parbatipur Municipality', 6, 26, NULL, NULL, 1, '2021-05-24 11:07:35', '2021-05-24 11:07:35'),
(437, 'Birgonj Police Station', 'Rangpur', 'Dinajpur ', 'Birgonj', 'Birgonj Municipality', 6, 26, NULL, NULL, 1, '2021-05-24 11:07:35', '2021-05-24 11:07:35'),
(438, 'Bochagonj police station', 'Rangpur', 'Dinajpur ', 'Bochagonj', 'Setabgonj Municipality', 6, 26, NULL, NULL, 1, '2021-05-24 11:07:35', '2021-05-24 11:07:35'),
(439, 'Kaharole police station', 'Rangpur', 'Dinajpur ', 'Kaharole', 'Kaharole UP', 6, 26, NULL, NULL, 1, '2021-05-24 11:07:35', '2021-05-24 11:07:35'),
(440, 'Khansama police station', 'Rangpur', 'Dinajpur ', 'Khansama', 'Khansama Up', 6, 26, NULL, NULL, 1, '2021-05-24 11:07:35', '2021-05-24 11:07:35'),
(441, 'Fulbari Police Station', 'Rangpur', 'Dinajpur ', 'Fulbari police station', 'Fulbari Municipality', 6, 26, NULL, NULL, 1, '2021-05-24 11:07:35', '2021-05-24 11:07:35'),
(442, 'Biram police station', 'Rangpur', 'Dinajpur ', 'Birampur', 'Birampur Municipality', 6, 26, NULL, NULL, 1, '2021-05-24 11:07:35', '2021-05-24 11:07:35'),
(443, 'Nawabgonj police station', 'Rangpur', 'Dinajpur ', 'Nawabgonj', 'Nawabgonj UP', 6, 26, NULL, NULL, 1, '2021-05-24 11:07:35', '2021-05-24 11:07:35'),
(444, 'Hakimpur police station', 'Rangpur', 'Dinajpur ', 'Hakimpur', 'Hakimpur Municipality', 6, 26, NULL, NULL, 1, '2021-05-24 11:07:35', '2021-05-24 11:07:35'),
(445, 'Ghoraghat police station', 'Rangpur', 'Dinajpur ', 'Ghoraghat', 'Ghoraghat Municipality', 6, 26, NULL, NULL, 1, '2021-05-24 11:07:35', '2021-05-24 11:07:35'),
(446, 'Panchagar police station', 'Rangpur', 'Panchagar ', 'Panchagar', 'Panchagar Municipality', 6, 31, '31.977148', '81.224591', 1, '2021-05-24 11:07:35', '2021-05-24 11:07:35'),
(447, 'Boda police station', 'Rangpur', 'Panchagar ', 'Boda', 'Boda Municipality', 6, 31, '26.194586', '88.556729', 1, '2021-05-24 11:07:35', '2021-05-24 11:07:35'),
(448, 'Debigonj police station', 'Rangpur', 'Panchagar ', 'Debigonj', '03 no Debigonj', 6, 31, '26.118784', '88.755838', 1, '2021-05-24 11:07:35', '2021-05-24 11:07:35'),
(449, 'Tetulia Model police station', 'Rangpur', 'Panchagar ', 'Tatulia', '03 no Tatulia up', 6, 31, '31.977144', '81.224593', 1, '2021-05-24 11:07:35', '2021-05-24 11:07:35'),
(450, 'Atwari police station', 'Rangpur', 'Panchagar ', 'Atwari', 'No. 4 Radhanagar UP', 6, 31, '26.231533', '88.409678', 1, '2021-05-24 11:07:35', '2021-05-24 11:07:35'),
(451, 'Lalmonirhat Sadar police station', 'Rangpur', 'Lalmonirhat district', 'Sadar', 'Lalmonirhat municipality', 6, 29, '25.916026', '89.44871', 1, '2021-05-24 11:07:35', '2021-05-24 11:07:35'),
(452, 'Aditmari police station', 'Rangpur', 'Lalmonirhat', 'Aditmari', 'Bhadai', 6, 29, '25.924238', '89.345837', 1, '2021-05-24 11:07:35', '2021-05-24 11:07:35'),
(453, 'Kaligonj police station', 'Rangpur', 'Lalmonirhat', 'Kaligonj', 'Tushbhandar', 6, 29, '25.968794', '89.205012', 1, '2021-05-24 11:07:35', '2021-05-24 11:07:35'),
(454, 'Hatibandha police station', 'Rangpur', 'Lalmonirhat', 'Hatibandha', 'Tongbhanga', 6, 29, NULL, NULL, 1, '2021-05-24 11:07:35', '2021-05-24 11:07:35'),
(455, 'Patgram police station', 'Rangpur', 'Lalmonirhat', 'Patgram', 'Patgram Municipality', 6, 29, NULL, NULL, 1, '2021-05-24 11:07:35', '2021-05-24 11:07:35'),
(456, 'Sadar police station ', 'Rangpur', 'Nilphamari', 'Nilphamari', 'Nilphamari Municipality', 6, 30, '25.931018', '88.857104', 1, '2021-05-24 11:07:35', '2021-05-24 11:07:35'),
(457, 'Syedpur police station', 'Rangpur', 'Nilphamari', 'Syedpur', 'Syedpur Municipality', 6, 30, '25.784743', '88.895136', 1, '2021-05-24 11:07:35', '2021-05-24 11:07:35'),
(458, 'Domar police station', 'Rangpur', 'Nilphamari', 'Domar', 'Domar Municipality', 6, 30, '26.107836', '88.817898', 1, '2021-05-24 11:07:35', '2021-05-24 11:07:35'),
(459, 'Dimla police station', 'Rangpur', 'Nilphamari', 'Dimla', 'Dimla Municipality', 6, 30, '26.153892', '88.921281', 1, '2021-05-24 11:07:35', '2021-05-24 11:07:35'),
(460, 'Kishoregonj police station', 'Rangpur', 'Nilphamari', 'Kishoregonj ', 'Kesba Union', 6, 30, '25.898873', '89.02022', 1, '2021-05-24 11:07:35', '2021-05-24 11:07:35'),
(461, 'Jaldhaka  police station', 'Rangpur', 'Nilphamari', 'Jaldhaka', 'Jaldhaka municipality', 6, 30, '26.022209', '89.016431', 1, '2021-05-24 11:07:35', '2021-05-24 11:07:35'),
(462, 'Thakurgaon police station', 'Rangpur', 'Thakurgaon district', 'Thakurgaon Sadar', 'Sadar Municipality', 6, 33, '26.034676', '88.46169', 1, '2021-05-24 11:07:35', '2021-05-24 11:07:35'),
(463, 'Baliadangi police station', 'Rangpur', 'Thakurgaon district', 'Baliadangi', 'Baliadangi', 6, 33, '25.791301', '88.24236', 1, '2021-05-24 11:07:35', '2021-05-24 11:07:35'),
(464, 'Rani Sankail police station', 'Rangpur', 'Thakurgaon district', 'Rani Sankail ', 'Rani Sankail Municipality', 6, 33, '25.901402', '88.252462', 1, '2021-05-24 11:07:35', '2021-05-24 11:07:35'),
(465, 'Pirgonj police station', 'Rangpur', 'Thakurgaon district', 'Pirgonj', 'Pirgonj Municipality', 6, 33, '25.859428', '88.36142', 1, '2021-05-24 11:07:35', '2021-05-24 11:07:35'),
(466, 'Haripur Police Station', 'Rangpur', 'Thakurgaon district', 'Haripur', 'Haripur', 6, 33, '25.911503', '88.25354', 1, '2021-05-24 11:07:35', '2021-05-24 11:07:35'),
(467, 'Ruhea police station', 'Rangpur', 'Thakurgaon district', 'Thakurgaon Sadar', 'Ruhea', 6, 33, '26.177163', '88.399143', 1, '2021-05-24 11:07:35', '2021-05-24 11:07:35'),
(468, 'Gaibandha police Station', 'Rangpur', 'Gaibandha district', 'Sadar', 'Municipality', 6, 27, NULL, NULL, 1, '2021-05-24 11:07:35', '2021-05-24 11:07:35'),
(469, 'Sundargonj police station', 'Rangpur', 'Gaibandha district', 'Sundargonj', 'Municipality', 6, 27, NULL, NULL, 1, '2021-05-24 11:07:35', '2021-05-24 11:07:35'),
(470, 'Sadullahpur police station', 'Rangpur', 'Gaibandha district', 'Sadullahpur', 'Banagram UP', 6, 27, NULL, NULL, 1, '2021-05-24 11:07:35', '2021-05-24 11:07:35'),
(471, 'Palashbari police station', 'Rangpur', 'Gaibandha district', 'Palashbari', 'Palashbari', 6, 27, NULL, NULL, 1, '2021-05-24 11:07:35', '2021-05-24 11:07:35'),
(472, 'Gobindagonj police station', 'Rangpur', 'Gaibandha district', 'Gobindagonj', 'Municipality', 6, 27, NULL, NULL, 1, '2021-05-24 11:07:35', '2021-05-24 11:07:35'),
(473, 'Saghata police station', 'Rangpur', 'Gaibandha district', 'Saghata', 'Saghata', 6, 27, NULL, NULL, 1, '2021-05-24 11:07:35', '2021-05-24 11:07:35'),
(474, 'Fulchhari police station', 'Rangpur', 'Gaibandha district', 'Fulchhari', 'Gazaria UP', 6, 27, NULL, NULL, 1, '2021-05-24 11:07:35', '2021-05-24 11:07:35'),
(475, 'Kotwali Police Station', 'Mymensing', 'Mymensing', 'Sadar', 'Mymensing Municipality', 0, 10, '24.757572', '90.4124855', 1, '2021-05-24 11:07:35', '2021-05-24 11:07:35'),
(476, 'Muktagachha police station', 'Mymensing', 'Mymensing', 'Muktagachha', 'Muktagachha Municipality', 0, 10, '24.764319', '90.257022/', 1, '2021-05-24 11:07:35', '2021-05-24 11:07:35'),
(477, 'Fulbaria Police Station', 'Mymensing', 'Mymensing', 'Fulbari police station', 'Fulbaria municipality', 0, 10, '24.633474', '90.27118', 1, '2021-05-24 11:07:35', '2021-05-24 11:07:35'),
(478, 'Trishal Police Station', 'Mymensing', 'Mymensing', 'Trishal', 'Trishal Municipality', 0, 10, '24.5816', '90.3936', 1, '2021-05-24 11:07:35', '2021-05-24 11:07:35'),
(479, 'Pagla police station', 'Mymensing', 'Mymensing', 'Gaffargaon', 'Datterabazar UP', 0, 10, '24.329781', '90.582905', 1, '2021-05-24 11:07:35', '2021-05-24 11:07:35'),
(480, 'Bhaluka Police Station', 'Mymensing', 'Mymensing', 'Bhaluka', 'Bhaluka municipality', 0, 10, '24.400451', '90.384899\'', 1, '2021-05-24 11:07:35', '2021-05-24 11:07:35'),
(481, 'Gaffargaon police station', 'Mymensing', 'Mymensing', 'Gaffargaon', 'Gaffargaon municipality', 0, 10, '24.451974', '90.554333', 1, '2021-05-24 11:07:35', '2021-05-24 11:07:35'),
(482, 'Gauripur police station', 'Mymensing', 'Mymensing', 'Gauripur', 'Gauripur Municipality', 0, 10, '24.752123', '90.572965', 1, '2021-05-24 11:07:35', '2021-05-24 11:07:35'),
(483, 'Iswargonj police station', 'Mymensing', 'Mymensing', 'Iswargonj', 'Iswargonj Municipality', 0, 10, '24.684308', '90.592617', 1, '2021-05-24 11:07:35', '2021-05-24 11:07:35'),
(484, 'Nandail police station', 'Mymensing', 'Mymensing', 'Nandail', 'Nandail Municipality', 0, 10, '24.641837', '90.691525', 1, '2021-05-24 11:07:35', '2021-05-24 11:07:35'),
(485, 'Fulpur police station', 'Mymensing', 'Mymensing', 'Fulpur', 'Fulpur municipality', 0, 10, '24.95', '90.35', 1, '2021-05-24 11:07:35', '2021-05-24 11:07:35'),
(486, 'Haluaghat police station', 'Mymensing', 'Mymensing', 'Haluaghat', 'Haluaghat up', 0, 10, '31.977144', '81.224593', 1, '2021-05-24 11:07:35', '2021-05-24 11:07:35'),
(487, 'Dhobaura police station', 'Mymensing', 'Mymensing', 'Dhobaura', 'Dhobaura up', 0, 10, '25.089963', '81.224593', 1, '2021-05-24 11:07:35', '2021-05-24 11:07:35'),
(488, 'Tarakanda police station', 'Mymensing', 'Mymensing', 'Tarakanda', 'Tarakanda up', 0, 10, '2486248', '90.42597', 1, '2021-05-24 11:07:35', '2021-05-24 11:07:35'),
(489, 'Netrakona Model Police Station, Netrokona', 'Mymensing', 'Netrokona', 'Netrokona sadar', 'Netrokona municipality', 0, 13, '24.872375', '90.728353', 1, '2021-05-24 11:07:35', '2021-05-24 11:07:35'),
(490, 'Purbadhala police station, Netrokona', 'Mymensing', 'Netrokona', 'Purbadhala', 'Purbadhala Union', 0, 13, '24.93786', '90.605015', 1, '2021-05-24 11:07:35', '2021-05-24 11:07:35'),
(491, 'Durgapur police station, Netrokona', 'Mymensing', 'Netrokona', 'Durgapur', 'Durgapur Municipality', 0, 13, '25.154438', '90.658537', 1, '2021-05-24 11:07:35', '2021-05-24 11:07:35'),
(492, 'Kendua police station, Netrokona', 'Mymensing', 'Netrokona', 'Kendua', 'Kendua Municipality', 0, 13, '24.663882', '90.843539', 1, '2021-05-24 11:07:35', '2021-05-24 11:07:35'),
(493, 'Barhatta police station, Netrokona', 'Mymensing', 'Netrokona', 'Barhatta', 'Barhatta Union', 0, 13, '24.89675', '90.88188', 1, '2021-05-24 11:07:35', '2021-05-24 11:07:35'),
(494, 'Atpara police station, Netrokona', 'Mymensing', 'Netrokona', 'Atpara', 'Baniyajan Union', 0, 13, '24.812576', '90.857404', 1, '2021-05-24 11:07:35', '2021-05-24 11:07:35'),
(495, 'Kalmakanda police station, Netrokona', 'Mymensing', 'Netrokona', 'Kalmakanda', 'Kalmakanda Union', 0, 13, '25.076698', '90.886753', 1, '2021-05-24 11:07:35', '2021-05-24 11:07:35'),
(496, 'Madan police station, Netrakona', 'Mymensing', 'Netrokona', 'Madan', 'Madan Municipality', 0, 13, '24.718063', '90.961127', 1, '2021-05-24 11:07:35', '2021-05-24 11:07:35'),
(497, 'Mohangonj police station, Netrokona', 'Mymensing', 'Netrokona', 'Mohangonj', 'Mohangonj Municipality', 0, 13, '24.874471', '90.981361', 1, '2021-05-24 11:07:35', '2021-05-24 11:07:35'),
(498, 'Khaliajuri police station, Netrokona', 'Mymensing', 'Netrokona', 'Khaliajuri', 'Khaliajuri Union', 0, 13, NULL, NULL, 1, '2021-05-24 11:07:35', '2021-05-24 11:07:35'),
(499, 'Sadar police station ', 'Mymensing', 'Sherpur ', 'Sherpur sadar', 'Sherpur municipality', 0, 16, '25.012472', '90.018348', 1, '2021-05-24 11:07:35', '2021-05-24 11:07:35'),
(500, 'Nakla police station', 'Mymensing', 'Sherpur ', 'Nakla', 'Nakla Municipality', 0, 16, '24.969092', '90.18011', 1, '2021-05-24 11:07:35', '2021-05-24 11:07:35'),
(501, 'Nalitabari police station', 'Mymensing', 'Sherpur ', 'Nalitabari police station', 'Nalitabari Municipality', 0, 16, '25.08581', '90.1937', 1, '2021-05-24 11:07:35', '2021-05-24 11:07:35'),
(502, 'Sreebordi police station', 'Mymensing', 'Sherpur ', 'Sreebordi', 'Sreebordi Municipality', 0, 16, '25.150312', '89.93698', 1, '2021-05-24 11:07:35', '2021-05-24 11:07:35'),
(503, 'Jhinaigati police station', 'Mymensing', 'Sherpur ', 'Jhinaigati', 'Jhinaigati UP', 0, 16, '25.17254', '90.25601', 1, '2021-05-24 11:07:35', '2021-05-24 11:07:35'),
(504, 'Jamalpur police station', 'Mymensing', 'Jamalpur ', NULL, 'Jamalpur Municipality', 0, 0, '24.938609', '89.936139', 1, '2021-05-24 11:07:35', '2021-05-24 11:07:35'),
(505, 'Sarishabari police station', 'Mymensing', 'Jamalpur ', 'Sarishabari police station', 'Sarishabari Municipality', 0, 0, '24.77028', '89.84284', 1, '2021-05-24 11:07:35', '2021-05-24 11:07:35'),
(506, 'Melandah police station', 'Mymensing', 'Jamalpur ', 'Melandah', 'Melandah Municipality', 0, 0, '24.97974', '89.829907', 1, '2021-05-24 11:07:35', '2021-05-24 11:07:35'),
(507, 'Islampur police station', 'Mymensing', 'Jamalpur ', 'Islampur', 'Islampur municipality', 0, 0, '25.078732', '89.794236', 1, '2021-05-24 11:07:35', '2021-05-24 11:07:35'),
(508, 'Dewangonj police station', 'Mymensing', 'Jamalpur ', 'Dewangonj', 'Dewangonj Municipality', 0, 0, '25.16404', '89.765062', 1, '2021-05-24 11:07:35', '2021-05-24 11:07:35'),
(509, 'Madargonj police station', 'Mymensing', 'Jamalpur ', 'Dewangonj', 'Madargonj Municipality', 0, 0, '24.912683', '89.726287', 1, '2021-05-24 11:07:35', '2021-05-24 11:07:35'),
(510, 'Ramna Model Police Station', 'Dhaka', 'Dhaka Metro', NULL, NULL, 3, 0, '23.745314', '90.404587', 1, '2021-05-24 11:07:35', '2021-05-24 11:07:35'),
(511, 'Shahbag police station', 'Dhaka', 'Dhaka Metro', NULL, NULL, 3, 0, '23.737078', '90.396108', 1, '2021-05-24 11:07:35', '2021-05-24 11:07:35'),
(512, 'Dhanmondi Police Station', 'Dhaka', 'Dhaka Metro', NULL, NULL, 3, 0, '23.743615', '90.38158', 1, '2021-05-24 11:07:35', '2021-05-24 11:07:35'),
(513, 'kalabagan police station', 'Dhaka', 'Dhaka Metro', NULL, NULL, 3, 0, '23.7435593', '90.388383', 1, '2021-05-24 11:07:35', '2021-05-24 11:07:35'),
(514, 'New Market Police Station', 'Dhaka', 'Dhaka Metro', NULL, NULL, 3, 0, '23.733275', '90.387002', 1, '2021-05-24 11:07:35', '2021-05-24 11:07:35'),
(515, 'Hazaribagh Police Station', 'Dhaka', 'Dhaka Metro', NULL, NULL, 3, 0, '23.734741', '90.365365', 1, '2021-05-24 11:07:35', '2021-05-24 11:07:35'),
(516, 'Lalbagh Police Station', 'Dhaka', 'Dhaka Metro', NULL, NULL, 3, 0, '23.716306', '90.384426', 1, '2021-05-24 11:07:35', '2021-05-24 11:07:35'),
(517, 'Chakbazar police station', 'Dhaka', 'Dhaka Metro', NULL, NULL, 3, 0, '23.717189', '90.395703', 1, '2021-05-24 11:07:35', '2021-05-24 11:07:35'),
(518, 'Kotwali Police Station', 'Dhaka', 'Dhaka Metro', NULL, NULL, 3, 0, '23.707445', '90.409153', 1, '2021-05-24 11:07:35', '2021-05-24 11:07:35'),
(519, 'Kamrangirchar police station', 'Dhaka', 'Dhaka Metro', NULL, NULL, 3, 0, '23.709974', '90.367697', 1, '2021-05-24 11:07:35', '2021-05-24 11:07:35'),
(520, 'Bangshal police station', 'Dhaka', 'Dhaka Metro', NULL, NULL, 3, 0, '23.714037', '90410168', 1, '2021-05-24 11:07:35', '2021-05-24 11:07:35'),
(521, 'Motijheel police station', 'Dhaka', 'Dhaka Metro', NULL, NULL, 3, 0, '23.730022', '90.416887', 1, '2021-05-24 11:07:35', '2021-05-24 11:07:35'),
(522, 'Paltan Model Police Station', 'Dhaka', 'Dhaka Metro', NULL, NULL, 3, 0, '23.73695', '90.416117', 1, '2021-05-24 11:07:35', '2021-05-24 11:07:35'),
(523, 'Sabujbagh police station', 'Dhaka', 'Dhaka Metro', NULL, NULL, 3, 0, '23.740706', '90.428095', 1, '2021-05-24 11:07:35', '2021-05-24 11:07:35'),
(524, 'Mugda police station', 'Dhaka', 'Dhaka Metro', NULL, NULL, 3, 0, '23.728885', '90.433252', 1, '2021-05-24 11:07:35', '2021-05-24 11:07:35'),
(525, 'Shahjahanpur Police Station', 'Dhaka', 'Dhaka Metro', NULL, NULL, 3, 0, '23.739057', '90.425468', 1, '2021-05-24 11:07:35', '2021-05-24 11:07:35'),
(526, 'Khilgaon police station', 'Dhaka', 'Dhaka Metro', NULL, NULL, 3, 0, '23.750882', '90.425302', 1, '2021-05-24 11:07:35', '2021-05-24 11:07:35'),
(527, 'Rampura Police Station', 'Dhaka', 'Dhaka Metro', NULL, NULL, 3, 0, '23.76123', '90.443417', 1, '2021-05-24 11:07:35', '2021-05-24 11:07:35'),
(528, 'Wari Police Station', 'Dhaka', 'Dhaka Metro', NULL, NULL, 3, 0, '23.715053', '90.418867', 1, '2021-05-24 11:07:35', '2021-05-24 11:07:35'),
(529, 'Demra police station', 'Dhaka', 'Dhaka Metro', NULL, NULL, 3, 0, '23.725018', '90494878', 1, '2021-05-24 11:07:35', '2021-05-24 11:07:35'),
(530, 'Jatrabari police station', 'Dhaka', 'Dhaka Metro', NULL, NULL, 3, 0, '23.710402', '90.43533', 1, '2021-05-24 11:07:35', '2021-05-24 11:07:35'),
(531, 'Shampur police station', 'Dhaka', 'Dhaka Metro', NULL, NULL, 3, 0, '23.691885', '90.431377', 1, '2021-05-24 11:07:35', '2021-05-24 11:07:35'),
(532, 'Gandaria  police station', 'Dhaka', 'Dhaka Metro', NULL, NULL, 3, 0, '23.699519', '90.421374', 1, '2021-05-24 11:07:35', '2021-05-24 11:07:35'),
(533, 'Sutrapur police station', 'Dhaka', 'Dhaka Metro', NULL, NULL, 3, 0, '23.702347', '90.418154', 1, '2021-05-24 11:07:35', '2021-05-24 11:07:35'),
(534, 'Kadamtali police station', 'Dhaka', 'Dhaka Metro', NULL, NULL, 3, 0, '23.697138', '90.458373', 1, '2021-05-24 11:07:35', '2021-05-24 11:07:35'),
(535, 'Tejgaon police station', 'Dhaka', 'Dhaka Metro', NULL, NULL, 3, 0, '23.760916', '90.389552', 1, '2021-05-24 11:07:35', '2021-05-24 11:07:35'),
(536, 'Serebanlanagar police station', 'Dhaka', 'Dhaka Metro', NULL, NULL, 3, 0, '23.77639', '90.377019', 1, '2021-05-24 11:07:35', '2021-05-24 11:07:35'),
(537, 'Tejgaon Industrial Police Station', 'Dhaka', 'Dhaka Metro', NULL, NULL, 3, 0, '23.765261', '90.400535', 1, '2021-05-24 11:07:35', '2021-05-24 11:07:35'),
(538, 'Mohammadpur Police Station', 'Dhaka', 'Dhaka Metro', NULL, NULL, 3, 0, '23.755289', '90.363897', 1, '2021-05-24 11:07:35', '2021-05-24 11:07:35'),
(539, 'Adabar police station', 'Dhaka', 'Dhaka Metro', NULL, NULL, 3, 0, '23.770806', '90.3559728', 1, '2021-05-24 11:07:35', '2021-05-24 11:07:35'),
(540, 'Mirpur Model Police Station', 'Dhaka', 'Dhaka Metro', NULL, NULL, 3, 0, '23.804637', '90.362931', 1, '2021-05-24 11:07:35', '2021-05-24 11:07:35'),
(541, 'Rupnagar Police Station', 'Dhaka', 'Dhaka Metro', NULL, NULL, 3, 0, '23.417046', '90.360145', 1, '2021-05-24 11:07:35', '2021-05-24 11:07:35'),
(542, 'Pallabi police station', 'Dhaka', 'Dhaka Metro', NULL, NULL, 3, 0, '23.826085', '90.366194', 1, '2021-05-24 11:07:35', '2021-05-24 11:07:35'),
(543, 'kafrul police station', 'Dhaka', 'Dhaka Metro', NULL, NULL, 3, 0, '23.801118', '90.381325', 1, '2021-05-24 11:07:35', '2021-05-24 11:07:35'),
(544, 'Bhashantek police station', 'Dhaka', 'Dhaka Metro', NULL, NULL, 3, 0, '23.80673', '90.387937', 1, '2021-05-24 11:07:35', '2021-05-24 11:07:35'),
(545, 'Sahaali police station', 'Dhaka', 'Dhaka Metro', NULL, NULL, 3, 0, '23.805452', '90.348817', 1, '2021-05-24 11:07:36', '2021-05-24 11:07:36'),
(546, 'Darus Salam Police Station', 'Dhaka', 'Dhaka Metro', NULL, NULL, 3, 0, '23.792335', '90343022', 1, '2021-05-24 11:07:36', '2021-05-24 11:07:36'),
(547, 'Gulshan Police Station', 'Dhaka', 'Dhaka Metro', NULL, NULL, 3, 0, '23.791175', '90.41561', 1, '2021-05-24 11:07:36', '2021-05-24 11:07:36'),
(548, 'Banani Police Station', 'Dhaka', 'Dhaka Metro', NULL, NULL, 3, 0, '23.79992', '90.40197', 1, '2021-05-24 11:07:36', '2021-05-24 11:07:36'),
(549, 'Badda Police Station', 'Dhaka', 'Dhaka Metro', NULL, NULL, 3, 0, '23.771132', '90.42737', 1, '2021-05-24 11:07:36', '2021-05-24 11:07:36'),
(550, 'Bhatara police station', 'Dhaka', 'Dhaka Metro', NULL, NULL, 3, 0, '23.79761', '90.42422', 1, '2021-05-24 11:07:36', '2021-05-24 11:07:36'),
(551, 'Cantonment Police Station', 'Dhaka', 'Dhaka Metro', NULL, NULL, 3, 0, '23.824459', '90.405552', 1, '2021-05-24 11:07:36', '2021-05-24 11:07:36'),
(552, 'Khilkhet police station', 'Dhaka', 'Dhaka Metro', NULL, NULL, 3, 0, '23.827928', '90.419845', 1, '2021-05-24 11:07:36', '2021-05-24 11:07:36'),
(553, 'Uttara Model Police Station-East', 'Dhaka', 'Dhaka Metro', NULL, NULL, 3, 0, '23.866972', '90.40037', 1, '2021-05-24 11:07:36', '2021-05-24 11:07:36'),
(554, 'Airport Police Station', 'Dhaka', 'Dhaka Metro', NULL, NULL, 3, 0, '23.855749', '90.399008', 1, '2021-05-24 11:07:36', '2021-05-24 11:07:36'),
(555, 'Turag police station', 'Dhaka', 'Dhaka Metro', NULL, NULL, 3, 0, '23.889142', '90.371003', 1, '2021-05-24 11:07:36', '2021-05-24 11:07:36'),
(556, 'Uttarakhana police station', 'Dhaka', 'Dhaka Metro', NULL, NULL, 3, 0, '23.87062', '90.432472', 1, '2021-05-24 11:07:36', '2021-05-24 11:07:36'),
(557, 'Daksinkhana police station', 'Dhaka', 'Dhaka Metro', NULL, NULL, 3, 0, '23.859682', '90.426995', 1, '2021-05-24 11:07:36', '2021-05-24 11:07:36'),
(558, 'Double Mooring Police station', 'Chittagong', 'Chittagong ', 'Double Mooring', 'No. 24 North Agrabad', 2, 43, '22.338136111111', '91.811544444444', 1, '2021-05-24 11:07:36', '2021-05-24 11:07:36'),
(559, 'Halishahor Police Station', 'Chittagong', 'Chittagong Metro', 'Halishahor', 'No. 26 North Halishahor', 2, 43, '22.336711111111', '91.775244444444', 1, '2021-05-24 11:07:36', '2021-05-24 11:07:36'),
(560, 'Pahartali police station', 'Chittagong', 'Chittagong Metro', 'Pahartali', '09 no North Pahartali', 2, 43, '22.357955555555', '91.772744444444', 1, '2021-05-24 11:07:36', '2021-05-24 11:07:36'),
(561, 'Akbar Shah Police Station', 'Chittagong', 'Chittagong Metro', 'Akabarsaha', '09 no North Pahartali', 2, 43, '22.357063888889', '91.781141666667', 1, '2021-05-24 11:07:36', '2021-05-24 11:07:36'),
(562, 'Kotwali Police Station', 'Chittagong', 'Chittagong Metro', 'Kotwali', 'No. 32 Andarkilla', 2, 43, '22.333697222222', '91.836780555556', 1, '2021-05-24 11:07:36', '2021-05-24 11:07:36'),
(563, 'Bakoliya police station', 'Chittagong', 'Chittagong Metro', 'Bakoliya', '18 East Bakoliya', 2, 43, '22.363919444444', '91.852008333333', 1, '2021-05-24 11:07:36', '2021-05-24 11:07:36'),
(564, 'Chakbazar police station', 'Chittagong', 'Chittagong Metro', 'Chakbazar', 'No. 16 Chakbazar', 2, 43, '22.357505555555', '91.839025', 1, '2021-05-24 11:07:36', '2021-05-24 11:07:36'),
(565, 'Sadarghat police station', 'Chittagong', 'Chittagong Metro', 'Sadarghat', 'No. 30 East Madarbari', 2, 43, '22.324530555556', '91.824758333333', 1, '2021-05-24 11:07:36', '2021-05-24 11:07:36'),
(566, 'Panchlaish Model police station', 'Chittagong', 'Chittagong Metro', 'Panchlaish', 'No. 16 Chakbazar', 2, 43, '22.351277777778', '91.834275', 1, '2021-05-24 11:07:36', '2021-05-24 11:07:36'),
(567, 'Candagaon police station', 'Chittagong', 'Chittagong Metro', 'Chandagaon', 'No. 6 East Sholashahor', 2, 43, '22.368261111111', '91.848741666667', 1, '2021-05-24 11:07:36', '2021-05-24 11:07:36'),
(568, 'Bostami Bayezid Police Station', 'Chittagong', 'Chittagong Metro', 'Bayazid bostami', 'No. 6 East Sholashahor', 2, 43, '22.3795', '91.820122222222', 1, '2021-05-24 11:07:36', '2021-05-24 11:07:36'),
(569, 'Khulshi police station', 'Chittagong', 'Chittagong Metro', 'Khulshi', '8 sukalbahar', 2, 43, '22.362833333333', '91.820272222222', 1, '2021-05-24 11:07:36', '2021-05-24 11:07:36'),
(570, 'Bandar Police Station', 'Chittagong', 'Chittagong Metro ', 'Bandar', 'No. 36 Gosail Danga', 2, 43, '22.307863888889', '91.802775', 1, '2021-05-24 11:07:36', '2021-05-24 11:07:36'),
(571, 'EPZ Police Station', 'Chittagong', 'Chittagong Metro', 'EPZ', '39 South Halishahor', 2, 43, '22.291025', '91.802686111111', 1, '2021-05-24 11:07:36', '2021-05-24 11:07:36'),
(572, 'Patenga Police Station', 'Chittagong', 'Chittagong  Metro', 'Patenga Police Station', 'No. 40 North Patenga', 2, 43, '22.270169444444', '91.788316666667', 1, '2021-05-24 11:07:36', '2021-05-24 11:07:36'),
(573, 'Karnafuly police station', 'Chittagong', 'Chittagong Metro', 'Karnafuly', 'No. 01 Charlaksa Union', 2, 43, '22.303788888889', '91.84485', 1, '2021-05-24 11:07:36', '2021-05-24 11:07:36'),
(574, 'Khulna police station', 'Khulna', 'Khulna Metro', 'Khulna', 'KCC', 4, 59, '22.817480555555', '89.564638888889', 1, '2021-05-24 11:07:36', '2021-05-24 11:07:36'),
(575, 'Harintana police station', 'Khulna', 'Khulna Metro', 'Harintana', 'Jalma', 4, 59, '22.795513888889', '89.564638888889', 1, '2021-05-24 11:07:36', '2021-05-24 11:07:36'),
(576, 'Sonadanga police station', 'Khulna', 'Khulna Metro', 'Sonadanga', 'KCC', 4, 59, '22.816', '89.543516666667', 1, '2021-05-24 11:07:36', '2021-05-24 11:07:36'),
(577, 'Khalishpur police station', 'Khulna', 'Khulna Metro', 'Khalispur', 'KCC', 4, 59, '22.848877777778', '89.541002777778', 1, '2021-05-24 11:07:36', '2021-05-24 11:07:36'),
(578, 'Doulatpur police station', 'Khulna', 'Khulna Metro', 'Daulatpur', 'KCC', 4, 59, '22.878291666667', '89.518583333333', 1, '2021-05-24 11:07:36', '2021-05-24 11:07:36'),
(579, 'Aranghata police station', 'Khulna', 'Khulna Metro', 'Aranghata', 'Aranghata', 4, 59, '22.872072222222', '89.500975', 1, '2021-05-24 11:07:36', '2021-05-24 11:07:36'),
(580, 'Khan Jahan Ali Police Station', 'Khulna', 'Khulna Metro', 'Khan Jahan Ali', 'Atra-giletala', 4, 59, '22.914313888889', '89.506880555555', 1, '2021-05-24 11:07:36', '2021-05-24 11:07:36'),
(581, 'Boalia Model Police Station', 'Rajshahi', 'Rajshahi Metro', 'Boalia', 'Ward 22 Rajshahi City', 5, 24, '24.365184', '88.604367', 1, '2021-05-24 11:07:36', '2021-05-24 11:07:36'),
(582, 'Motihar police station', 'Rajshahi', 'Rajshahi Metro', 'Motihar', '28 no Ward', 5, 24, '24.360335', '88.628222', 1, '2021-05-24 11:07:36', '2021-05-24 11:07:36'),
(583, 'Rajpara police station', 'Rajshahi', 'Rajshahi Metro', 'Rajpara', 'Ward 8 Rajshahi City', 5, 24, '24.37021', '88.574821', 1, '2021-05-24 11:07:36', '2021-05-24 11:07:36'),
(584, 'Sha Makhdum police station', 'Rajshahi', 'Rajshahi Metro', 'Sahmakhdum', 'Rajshahi city', 5, 24, '24.394052', '88.606072', 1, '2021-05-24 11:07:36', '2021-05-24 11:07:36'),
(585, 'Kotwali Police Station', 'Barishal', 'Barisal Metro', 'Barisal sadar', NULL, 1, 35, '22.706186', '90.371895', 1, '2021-05-24 11:07:36', '2021-05-24 11:07:36'),
(586, 'Airport police station', 'Barishal', 'Barisal Metro', 'Barisal sadar', NULL, 1, 35, '22.734304', '90.328135', 1, '2021-05-24 11:07:36', '2021-05-24 11:07:36');
INSERT INTO `thanas` (`id`, `name`, `division`, `district`, `upazila`, `unions`, `division_id`, `district_id`, `latitude`, `longitude`, `status`, `created_at`, `updated_at`) VALUES
(587, 'Kaunia police station', 'Barishal', 'Barisal Metro', 'Barisal sadar', NULL, 1, 35, '22.714931', '90.377661', 1, '2021-05-24 11:07:36', '2021-05-24 11:07:36'),
(588, 'Bandar police station', 'Barishal', 'Barisal Metro', 'Barisal sadar', NULL, 1, 35, '22.695751', '90.455101', 1, '2021-05-24 11:07:36', '2021-05-24 11:07:36'),
(589, 'Kotwali Police Station', '  Sylhet', '  Sylhet Metro', 'Sylhet sadar', '01 no ward', 7, 54, '24.888625', '91.86637', 1, '2021-05-24 11:07:36', '2021-05-24 11:07:36'),
(590, 'Jalalabad police station', '  Sylhet', '  Sylhet Metro', 'Sylhet sadar', 'Tukerabazar', 7, 54, '24.92484', '91.816535', 1, '2021-05-24 11:07:36', '2021-05-24 11:07:36'),
(591, 'Moglabazar police station', '  Sylhet', '  Sylhet Metro', 'Sylhet sadar', 'Moglabazar', 7, 54, '24.81937', '91.907472', 1, '2021-05-24 11:07:36', '2021-05-24 11:07:36'),
(592, 'Shahporan (R) police station', '  Sylhet', 'Sylhet Metro', 'Sylhet sadar', 'Khadimpara', 7, 54, '24.880228', '91.918347', 1, '2021-05-24 11:07:36', '2021-05-24 11:07:36'),
(593, 'Airport police station', '  Sylhet', 'Sylhet Metro', 'Sylhet sadar', 'Khadimnagar', 7, 54, '24.95952', '91.879923', 1, '2021-05-24 11:07:36', '2021-05-24 11:07:36'),
(594, 'South Surma Police Station', '  Sylhet', '  Sylhet Metro', 'Sylhet sadar', 'Baraikandi', 7, 54, '24.86744', '91.858533', 1, '2021-05-24 11:07:36', '2021-05-24 11:07:36'),
(595, 'Mayamamati crossing highway police station', 'Chittagong', 'Comilla', 'Adash sadar', 'north doargapara', 2, 44, '2347782', '91.12916', 1, '2021-05-24 11:07:36', '2021-05-24 11:07:36'),
(596, ' Mahipala highway police station', 'Chittagong', 'Feni', 'Feni sadar', 'Feni Municipality Ward No. 13', 2, 46, '23.006681', '91.383584', 1, '2021-05-24 11:07:36', '2021-05-24 11:07:36'),
(597, 'Highway police station baraauliya', 'Chittagong', 'Chittagong', 'Sitacoundah', 'Sonaichari', 2, 43, '22.480526', '91.720105', 1, '2021-05-24 11:07:36', '2021-05-24 11:07:36'),
(598, 'Highway police station Dohazari', 'Chittagong', 'Chittagong', 'Satkania', 'Kaliyaisa', 2, 43, '22.1664', '92.06588', 1, '2021-05-24 11:07:36', '2021-05-24 11:07:36'),
(599, 'Rauzan highway police station', 'Chittagong', 'Chittagong', 'Raujana', 'Sikadai', 2, 43, '22.529177', '91.878473', 1, '2021-05-24 11:07:36', '2021-05-24 11:07:36'),
(600, 'Ramucrossing highway police station', 'Chittagong', 'Cox\'s Bazar', 'Ramu', 'Khuniya palong union', 2, 45, '21.3720536', '92.078762', 1, '2021-05-24 11:07:36', '2021-05-24 11:07:36'),
(601, 'Mauna highway police station', 'Dhaka', 'Gazipur', 'Sreepur', 'Sreepur Municipality', 3, 3, '24.217275', '90413725', 1, '2021-05-24 11:07:36', '2021-05-24 11:07:36'),
(602, 'Highway police station nandail', 'Maymensing', 'Maymensing', 'Nandail', 'Gangail', 0, 0, '24.5785964', '90.6977052', 1, '2021-05-24 11:07:36', '2021-05-24 11:07:36'),
(603, 'Gorai Highway Police Station', 'Dhaka', 'Tangial', 'Mirjapur', 'Gorai', 3, 0, '24.096828', '90.165827', 1, '2021-05-24 11:07:36', '2021-05-24 11:07:36'),
(604, 'Highway police station  kacapur', 'Dhaka', 'Narayangonj', 'Sonargaon', 'Kacpur', 3, 11, '23.705913', '90.52345', 1, '2021-05-24 11:07:36', '2021-05-24 11:07:36'),
(605, 'Highway Police Station hasar', 'Dhaka', 'Munshigonj', 'Sirajdikhan', 'Keyail', 3, 9, '23.614', '90.33737', 1, '2021-05-24 11:07:36', '2021-05-24 11:07:36'),
(606, 'Bhairab highway police station', 'Dhaka', 'Kishoreganj', 'Bhairab', 'Bhairab municipality', 3, 0, '24.065873', '90.977733', 1, '2021-05-24 11:07:36', '2021-05-24 11:07:36'),
(607, 'Highway police station khatihata', 'Dhaka', 'Dhaka', 'Sadar', 'Bodal', 3, 1, '33.92582', '91.11612', 1, '2021-05-24 11:07:36', '2021-05-24 11:07:36'),
(608, 'Shaistagonj highway police station', 'Sylhet', 'Habiganj', 'Shaistaganj', 'Ubaihata', 7, 51, '24.154662108', '91.285143728', 1, '2021-05-24 11:07:36', '2021-05-24 11:07:36'),
(609, 'Sherpur Highway Police Station', 'Sylhet', 'Moulabhibazar', 'Sadar', 'Khalilpur', 7, 52, '24.6254', '91.673743', 1, '2021-05-24 11:07:36', '2021-05-24 11:07:36'),
(610, 'Highway police station Tetulia', 'Rangpur', 'Panchagar', 'Tetulia', 'Bhajanpur', 6, 0, '26.46943', '88.48057', 1, '2021-05-24 11:07:36', '2021-05-24 11:07:36'),
(611, 'Highway police station Dasmail', 'Rangpur', 'Dinajpur', 'Chirirbandar', 'Phatejonpur', 6, 26, '25.765784', '88.835785', 1, '2021-05-24 11:07:36', '2021-05-24 11:07:36'),
(612, 'Highway police station Taragonj', 'Rangpur', 'Rangpur', 'Taragonj', 'Ikaracali', 6, 32, '25.807588', '89.043662', 1, '2021-05-24 11:07:36', '2021-05-24 11:07:36'),
(613, 'Highway police station hatibandha', 'Rangpur', 'Lalmonirhat', 'Hatibandha', 'Barakhata', 6, 29, '26.20673', '89.104903', 1, '2021-05-24 11:07:36', '2021-05-24 11:07:36'),
(614, 'Highway police station Govindagonj', 'Rangpur', 'Gaibandha', 'Govindagonj', 'Kamardah', 6, 0, '25.116891', '89.38533', 1, '2021-05-24 11:07:36', '2021-05-24 11:07:36'),
(615, 'Banpara highway police station', 'Rajshahi', 'Natore', 'Baraigram', 'Banpara', 5, 21, '24.29143', '89.081307', 1, '2021-05-24 11:07:36', '2021-05-24 11:07:36'),
(616, 'Highway police station hatikamrul', 'Rajshahi', 'Sirajgonj', 'Ullapara', 'Hatikamrul', 5, 25, '24.419009', '89.553737', 1, '2021-05-24 11:07:36', '2021-05-24 11:07:36'),
(617, 'Highway police station Gaurnad', 'Barishal', 'Barisal', 'Gaurnadi', ' municipality', 1, 35, '22.73149', '91.12505', 1, '2021-05-24 11:07:36', '2021-05-24 11:07:36'),
(618, 'Highway police station Shibchar', 'Dhaka', 'Madaripur', 'Shibchar', ' municipality', 3, 7, '23.3797276', '90.1201948', 1, '2021-05-24 11:07:36', '2021-05-24 11:07:36'),
(619, 'Banga highway police station', 'Dhaka', 'Faridpur', 'Banga', ' municipality', 3, 2, '23.38904', '90.400403', 1, '2021-05-24 11:07:36', '2021-05-24 11:07:36'),
(620, ' Ahaladipur highway police station', 'Dhaka', 'Rajbari', 'Sadar', 'Shahid ohabpur', 3, 14, '23.74899', '98.63805', 1, '2021-05-24 11:07:36', '2021-05-24 11:07:36'),
(621, 'Highway police station Pangsha', 'Dhaka', 'Rajbari', 'Kalukhali', 'Madapur', 3, 14, '23.4278803', '89.0828937', 1, '2021-05-24 11:07:36', '2021-05-24 11:07:36'),
(622, 'Highway police station Barobazar', 'Khulna', 'Jhenaidah', 'Kaligonj', 'Barobazar', 4, 0, '23.305436', '89.151414', 1, '2021-05-24 11:07:36', '2021-05-24 11:07:36'),
(623, 'Highway police station Nawapara', 'Khulna', 'Jessore', 'Abhaynagar', ' municipality', 4, 57, '23.03692', '89.393761', 1, '2021-05-24 11:07:36', '2021-05-24 11:07:36'),
(624, 'Highway police station Katakhali', 'Khulna', 'Bagerhat', 'Fakirhat', 'Fakirhat', 4, 0, '22.774096', '89.720007', 1, '2021-05-24 11:07:36', '2021-05-24 11:07:36'),
(625, 'Chittagong Railway police Station', 'Chittagong', 'Chittagong Metro', 'Kotwali', 'Alkaran', 2, 43, '22.335594444444', '91.826858333333', 1, '2021-05-24 11:07:36', '2021-05-24 11:07:36'),
(626, 'Laksham railway police station', 'Chittagong', 'Comilla', 'Laksham', 'Laksham Municipality', 2, 44, '23.433063888889', '91.214341666667', 1, '2021-05-24 11:07:36', '2021-05-24 11:07:36'),
(627, 'Chandpur Railway police Station', 'Chittagong', 'Chandpur', 'Sadar', 'Chandpur Municipality', 2, 42, '23.230944444444', '91.643911111111', 1, '2021-05-24 11:07:36', '2021-05-24 11:07:36'),
(628, 'Akhaura railway police station', 'Chittagong', 'Brahmanbaria', 'Akhaura', 'Akhaura Municipality', 2, 41, '23.873847222222', '91.205172222222', 1, '2021-05-24 11:07:36', '2021-05-24 11:07:36'),
(629, 'Srimangal railway police station', 'Sylhet', 'Moulabhibazar', 'Srimangal', 'Srimangal Municipality', 7, 52, '24.306211111111', '91.73365', 1, '2021-05-24 11:07:36', '2021-05-24 11:07:36'),
(630, 'Sylhet Railway police Station', 'Sylhet', 'Sylhet', 'South Surma', 'Word Bharthkhola', 7, 54, '24.882230555555', '91.866655555555', 1, '2021-05-24 11:07:36', '2021-05-24 11:07:36'),
(631, 'Kulaura railway police station', 'Sylhet', 'Moulabhibazar', 'Kulaura', 'Kulaura Municipality', 7, 52, '24.5219', '92.036305555556', 1, '2021-05-24 11:07:36', '2021-05-24 11:07:36'),
(632, 'Bhairab Railway police Station', 'Dhaka ', 'Kishoregonj', 'Bhairab', 'Bhairab municipality', 3, 6, '24.049958333333', '92.976772222222', 1, '2021-05-24 11:07:36', '2021-05-24 11:07:36'),
(633, 'Dhaka railway police station', 'Dhaka ', 'Dhaka', 'Shajahanpur Police Station', 'Komlapur', 3, 1, '23.733888888889', '90.976772222222', 1, '2021-05-24 11:07:36', '2021-05-24 11:07:36'),
(634, 'Mymensing Railway police Station', 'Mymensing', 'Mymensing', 'Sadar', 'Ganginarpar Road', 0, 10, '24.755475', '90.410013888889', 1, '2021-05-24 11:07:36', '2021-05-24 11:07:36'),
(635, 'Jamalpur Railway police Station', 'Mymensing', 'Jamalpur', 'Sadar', 'Jamalpur Municipality', 0, 5, '24.747952777778', '89.956586111111', 1, '2021-05-24 11:07:36', '2021-05-24 11:07:36'),
(636, 'Kishoreganj Railway police station', 'Dhaka ', 'Kishoregonj', 'Bhairab', 'Bhairab municipality', 3, 6, '24.427177777778', '90.788405555555', 1, '2021-05-24 11:07:36', '2021-05-24 11:07:36'),
(637, 'Syedpur Railway police Station', 'Rangpur', 'Nilphamari', 'Syedpur', 'Syedpur Municipality', 6, 30, '25.786514', '88.893245', 1, '2021-05-24 11:07:36', '2021-05-24 11:07:36'),
(638, 'Parbatipur railway police station', 'Rangpur', 'Dinajpur', 'Parbatipur', 'Parbatipur municipality', 6, 26, '25.653329', '88.915632', 1, '2021-05-24 11:07:36', '2021-05-24 11:07:36'),
(639, 'Lalmonirhat Railway police Station', 'Rangpur', 'Lalmonirhat', 'Sadar', 'Sadar Municipality', 6, 29, '25.911331', '89.445359', 1, '2021-05-24 11:07:36', '2021-05-24 11:07:36'),
(640, 'Bonarpara Railway police station', 'Rangpur', 'Gaibandha', 'Saghatta', 'Bonarpara UP', 6, 0, '25.164478', '89.522896', 1, '2021-05-24 11:07:36', '2021-05-24 11:07:36'),
(641, 'Shantahar railway police station', 'Rajshahi', 'Bogra', 'Adamdighi', 'Shantahar Municipality', 5, 18, '24.807603', '88.986324', 1, '2021-05-24 11:07:36', '2021-05-24 11:07:36'),
(642, 'Ishwardi Railway police Station', 'Rajshahi', 'Pabna', 'ISHWARDI', 'Ishwardi municipality', 5, 23, '24.130471', '89.062791', 1, '2021-05-24 11:07:36', '2021-05-24 11:07:36'),
(643, 'Rajshahi Railway police Station', 'Rajshahi', 'Rajshahi Metro', 'Boyaliya', 'Rajshahi City', 5, 24, '24.3751575', '88.61011', 1, '2021-05-24 11:07:36', '2021-05-24 11:07:36'),
(644, 'Sirajgonj Railway police Station', 'Rajshahi', 'Sirajgonj', 'Sadar', 'Sadar Municipality', 5, 25, '24.451495', '89.703732', 1, '2021-05-24 11:07:36', '2021-05-24 11:07:36'),
(645, 'Poradaha railway police station', 'Khulna', 'Kustia', 'Mirpur', 'Poradaha', 4, 60, '23.5181', '89.1593', 1, '2021-05-24 11:07:36', '2021-05-24 11:07:36'),
(646, 'Rajbari Railway police Station', 'Dhaka', 'Rajbari', 'Sadar', 'Sadar Municipality', 3, 14, '23.792727', '89.646105', 1, '2021-05-24 11:07:36', '2021-05-24 11:07:36'),
(647, 'Khulna Railway police Station', 'Khulna', 'Khulna Metro', 'Sadar', 'Khulna City', 4, 59, '22.82284', '89.651201', 1, '2021-05-24 11:07:36', '2021-05-24 11:07:36'),
(648, 'Salimgonj marine police station', 'Chittagong', 'Brahmanbaria', 'Nabinagar', 'No. 18 Salimgonj', 2, 41, '23.0291639', '90.511275', 1, '2021-05-24 11:07:36', '2021-05-24 11:07:36'),
(649, 'Dhusmara marine police station', 'Rangpur', 'Kurigram ', 'Cilamari police station', 'Astamidphor', 6, 28, '25.517694', '89.76818', 1, '2021-05-24 11:07:36', '2021-05-24 11:07:36'),
(650, 'Bahadurabadghat marine police stations', 'Mymensing', 'Jamalpur ', 'Dewangonj', 'Dewangonj Municipality', 0, 0, '25.171180555556', '89.761025', 1, '2021-05-24 11:07:36', '2021-05-24 11:07:36'),
(652, 'Tajhat Police Station', 'Rangpur', 'Rangpur Metro', 'Rangpur sadar', 'Rangpur City Corporation', 6, 32, '25.705665', '89.262122', 1, NULL, NULL),
(653, 'Mahigannj Police Station', 'Rangpur', 'Rangpur Metro', 'Rangpur sadar', 'Rangpur City Corporation', 6, 32, '25.72968', '89.284568', 1, NULL, NULL),
(654, 'Haragach Police Station', 'Rangpur', 'Rangpur Metro', 'Rangpur sadar', 'Rangpur City Corporation', 6, 32, '25.812164', '89.325585', 1, NULL, NULL),
(655, 'Pasuram Police Station', 'Rangpur', 'Rangpur Metro', 'Rangpur sadar', 'Rangpur City Corporation', 6, 32, '25.784029', '89.23353', 1, NULL, NULL),
(656, 'Hajirhat Police Station', 'Rangpur', 'Rangpur Metro', 'Rangpur sadar', 'Rangpur City Corporation', 6, 32, '25.744021', '89.275343', 1, NULL, NULL),
(657, 'Gacha Police Station', 'Dhaka', 'Gazipur Metro', NULL, NULL, 3, 3, '23.949787', '90.390034', 1, NULL, NULL),
(658, 'Tongi East Police Station', 'Dhaka', 'Gazipur Metro', NULL, NULL, 3, 3, '23.89478', '90.403', 1, NULL, NULL),
(659, 'Tongi West Police Station', 'Dhaka', 'Gazipur Metro', NULL, NULL, 3, 3, '23.916912', '90.389843', 1, NULL, NULL),
(660, 'Gazipur Sadar Police Station', 'Dhaka', 'Gazipur Metro', NULL, NULL, 3, 3, '24.002659', '90.420044', 1, NULL, NULL),
(661, 'Konabari Police Station', 'Dhaka', 'Gazipur Metro', NULL, NULL, 3, 3, '24.005253', '90.321402', 1, NULL, NULL),
(662, 'Kashimpur Police Station', 'Dhaka', 'Gazipur Metro', NULL, NULL, 3, 3, '23.982297', '90.30222', 1, NULL, NULL),
(663, 'Pubail Police Station', 'Dhaka', 'Gazipur Metro', NULL, NULL, 3, 3, '23.933678', '90.449801', 1, NULL, NULL),
(664, 'Bashon Police Station', 'Dhaka', 'Gazipur Metro', NULL, NULL, 3, 3, '23.985342', '90.364606', 1, NULL, NULL);

--
-- Indexes for dumped tables
--

--
-- Indexes for table `thanas`
--
ALTER TABLE `thanas`
  ADD PRIMARY KEY (`id`);

--
-- AUTO_INCREMENT for dumped tables
--

--
-- AUTO_INCREMENT for table `thanas`
--
ALTER TABLE `thanas`
  MODIFY `id` bigint(20) UNSIGNED NOT NULL AUTO_INCREMENT, AUTO_INCREMENT=665;
COMMIT;

/*!40101 SET CHARACTER_SET_CLIENT=@OLD_CHARACTER_SET_CLIENT */;
/*!40101 SET CHARACTER_SET_RESULTS=@OLD_CHARACTER_SET_RESULTS */;
/*!40101 SET COLLATION_CONNECTION=@OLD_COLLATION_CONNECTION */;
