SET FOREIGN_KEY_CHECKS=0;
SET SQL_MODE = "NO_AUTO_VALUE_ON_ZERO";
START TRANSACTION;
SET time_zone = "+00:00";


/*!40101 SET @OLD_CHARACTER_SET_CLIENT=@@CHARACTER_SET_CLIENT */;
/*!40101 SET @OLD_CHARACTER_SET_RESULTS=@@CHARACTER_SET_RESULTS */;
/*!40101 SET @OLD_COLLATION_CONNECTION=@@COLLATION_CONNECTION */;
/*!40101 SET NAMES utf8mb4 */;

TRUNCATE TABLE `districts`;
--
-- Dumping data for table `districts`
--

INSERT INTO `districts` (`id`, `division_id`, `name`, `bn_name`, `latitude`, `longitude`, `website`) VALUES
(1, 3, 'Dhaka', 'ঢাকা', 23.71152530, 90.41114510, 'www.dhaka.gov.bd'),
(2, 3, 'Faridpur', 'ফরিদপুর', 23.60708220, 89.84294060, 'www.faridpur.gov.bd'),
(3, 3, 'Gazipur', 'গাজীপুর', 24.00228580, 90.42642830, 'www.gazipur.gov.bd'),
(4, 3, 'Gopalganj', 'গোপালগঞ্জ', 23.00508570, 89.82660590, 'www.gopalganj.gov.bd'),
(5, 8, 'Jamalpur', 'জামালপুর', 24.93753300, 89.93777500, 'www.jamalpur.gov.bd'),
(6, 3, 'Kishoreganj', 'কিশোরগঞ্জ', 24.44493700, 90.77657500, 'www.kishoreganj.gov.bd'),
(7, 3, 'Madaripur', 'মাদারীপুর', 23.16410200, 90.18968050, 'www.madaripur.gov.bd'),
(8, 3, 'Manikganj', 'মানিকগঞ্জ', 23.86165100, 90.00032300, 'www.manikganj.gov.bd'),
(9, 3, 'Munshiganj', 'মুন্সিগঞ্জ', 23.49809300, 90.41266200, 'www.munshiganj.gov.bd'),
(10, 8, 'Mymensingh', 'ময়মনসিংহ', 24.74714900, 90.42027300, 'www.mymensingh.gov.bd'),
(11, 3, 'Narayanganj', 'নারায়াণগঞ্জ', 23.63366000, 90.49648200, 'www.narayanganj.gov.bd'),
(12, 3, 'Narsingdi', 'নরসিংদী', 23.93223300, 90.71541000, 'www.narsingdi.gov.bd'),
(13, 8, 'Netrokona', 'নেত্রকোণা', 24.87095500, 90.72788700, 'www.netrokona.gov.bd'),
(14, 3, 'Rajbari', 'রাজবাড়ি', 23.75743050, 89.64446650, 'www.rajbari.gov.bd'),
(15, 3, 'Shariatpur', 'শরীয়তপুর', 23.21970300, 90.35012600, 'www.shariatpur.gov.bd'),
(16, 8, 'Sherpur', 'শেরপুর', 25.02049330, 90.01529660, 'www.sherpur.gov.bd'),
(17, 3, 'Tangail', 'টাঙ্গাইল', 24.25134500, 89.91671000, 'www.tangail.gov.bd'),
(18, 5, 'Bogura', 'বগুড়া', 24.84652280, 89.37775500, 'www.bogra.gov.bd'),
(19, 5, 'Joypurhat', 'জয়পুরহাট', 25.09473500, 89.09449400, 'www.joypurhat.gov.bd'),
(20, 5, 'Naogaon', 'নওগাঁ', 24.91316000, 88.75309500, 'www.naogaon.gov.bd'),
(21, 5, 'Natore', 'নাটোর', 24.42055600, 89.00028200, 'www.natore.gov.bd'),
(22, 5, 'Nawabganj', 'নবাবগঞ্জ', 24.59650340, 88.27751220, 'www.chapainawabganj.gov.bd'),
(23, 5, 'Pabna', 'পাবনা', 23.99852400, 89.23364500, 'www.pabna.gov.bd'),
(24, 5, 'Rajshahi', 'রাজশাহী', 24.36358900, 88.62413500, 'www.rajshahi.gov.bd'),
(25, 5, 'Sirajgonj', 'সিরাজগঞ্জ', 24.45339780, 89.70068150, 'www.sirajganj.gov.bd'),
(26, 6, 'Dinajpur', 'দিনাজপুর', 25.62170610, 88.63545040, 'www.dinajpur.gov.bd'),
(27, 6, 'Gaibandha', 'গাইবান্ধা', 25.32875100, 89.52808800, 'www.gaibandha.gov.bd'),
(28, 6, 'Kurigram', 'কুড়িগ্রাম', 25.80544500, 89.63617400, 'www.kurigram.gov.bd'),
(29, 6, 'Lalmonirhat', 'লালমনিরহাট', 25.99234000, 89.28472500, 'www.lalmonirhat.gov.bd'),
(30, 6, 'Nilphamari', 'নীলফামারী', 25.93179400, 88.85600600, 'www.nilphamari.gov.bd'),
(31, 6, 'Panchagarh', 'পঞ্চগড়', 26.34110000, 88.55416060, 'www.panchagarh.gov.bd'),
(32, 6, 'Rangpur', 'রংপুর', 25.75580960, 89.24446200, 'www.rangpur.gov.bd'),
(33, 6, 'Thakurgaon', 'ঠাকুরগাঁও', 26.03369450, 88.46168340, 'www.thakurgaon.gov.bd'),
(34, 1, 'Barguna', 'বরগুনা', 22.09529100, 90.11207000, 'www.barguna.gov.bd'),
(35, 1, 'Barishal', 'বরিশাল', 22.70100200, 90.35345100, 'www.barisal.gov.bd'),
(36, 1, 'Bhola', 'ভোলা', 22.68592300, 90.64817900, 'www.bhola.gov.bd'),
(37, 1, 'Jhalokati', 'ঝালকাঠি', 22.17853100, 90.71010200, 'www.jhalakathi.gov.bd'),
(38, 1, 'Patuakhali', 'পটুয়াখালী', 22.35963160, 90.32987120, 'www.patuakhali.gov.bd'),
(39, 1, 'Pirojpur', 'পিরোজপুর', 22.57907400, 89.97592600, 'www.pirojpur.gov.bd'),
(40, 2, 'Bandarban', 'বান্দরবান', 22.19532750, 92.21837730, 'www.bandarban.gov.bd'),
(41, 2, 'Brahmanbaria', 'ব্রাহ্মণবাড়িয়া', 23.95709040, 91.11192860, 'www.brahmanbaria.gov.bd'),
(42, 2, 'Chandpur', 'চাঁদপুর', 23.23325850, 90.67129120, 'www.chandpur.gov.bd'),
(43, 2, 'Chittagong', 'চট্টগ্রাম', 22.33510900, 91.83407300, 'www.chittagong.gov.bd'),
(44, 2, 'Cumilla', 'কুমিল্লা', 23.46827470, 91.17881350, 'www.comilla.gov.bd'),
(45, 2, 'Cox\'s Bazar', 'কক্স বাজার', 21.42722800, 92.00580700, 'www.coxsbazar.gov.bd'),
(46, 2, 'Feni', 'ফেনী', 23.02323100, 91.38408440, 'www.feni.gov.bd'),
(47, 2, 'Khagrachari', 'খাগড়াছড়ি', 23.11928500, 91.98466300, 'www.khagrachhari.gov.bd'),
(48, 2, 'Lakshmipur', 'লক্ষ্মীপুর', 22.94247700, 90.84118400, 'www.lakshmipur.gov.bd'),
(49, 2, 'Noakhali', 'নোয়াখালী', 22.86956300, 91.09939800, 'www.noakhali.gov.bd'),
(50, 2, 'Rangamati', 'রাঙ্গামাটি', 22.73241700, 92.29851300, 'www.rangamati.gov.bd'),
(51, 7, 'Habiganj', 'হবিগঞ্জ', 24.37494500, 91.41553000, 'www.habiganj.gov.bd'),
(52, 7, 'Maulvibazar', 'মৌলভীবাজার', 24.48293400, 91.77741700, 'www.moulvibazar.gov.bd'),
(53, 7, 'Sunamganj', 'সুনামগঞ্জ', 25.06580420, 91.39501150, 'www.sunamganj.gov.bd'),
(54, 7, 'Sylhet', 'সিলেট', 24.88979560, 91.86978940, 'www.sylhet.gov.bd'),
(55, 4, 'Bagerhat', 'বাগেরহাট', 22.65156800, 89.78593800, 'www.bagerhat.gov.bd'),
(56, 4, 'Chuadanga', 'চুয়াডাঙ্গা', 23.64019610, 88.84184100, 'www.chuadanga.gov.bd'),
(57, 4, 'Jashore', 'যশোর', 23.16643000, 89.20811260, 'www.jessore.gov.bd'),
(58, 4, 'Jhenaidah', 'ঝিনাইদহ', 23.54481760, 89.15392130, 'www.jhenaidah.gov.bd'),
(59, 4, 'Khulna', 'খুলনা', 22.81577400, 89.56867900, 'www.khulna.gov.bd'),
(60, 4, 'Kushtia', 'কুষ্টিয়া', 23.90125800, 89.12048200, 'www.kushtia.gov.bd'),
(61, 4, 'Magura', 'মাগুরা', 23.48733700, 89.41995600, 'www.magura.gov.bd'),
(62, 4, 'Meherpur', 'মেহেরপুর', 23.76221300, 88.63182100, 'www.meherpur.gov.bd'),
(63, 4, 'Narail', 'নড়াইল', 23.17253400, 89.51267200, 'www.narail.gov.bd'),
(64, 4, 'Satkhira', 'সাতক্ষীরা', 22.31548100, 89.11145300, 'www.satkhira.gov.bd'),
(65, 3, 'Dhaka Metro', 'ঢাকা মেট্রো', 23.71152530, 90.41114510, 'http://dmp.gov.bd/'),
(66, 6, 'Rangpur Metro', 'রংপুর মেট্রো', 25.75580960, 89.24446200, 'https://rpmp.gov.bd/'),
(67, 5, 'Rajshahi Metro', 'রাজশাহী মেট্রো', 24.36358900, 88.62413500, 'https://rpmp.gov.bd/'),
(68, 7, 'Sylhet Metro', 'সিলেট মেট্রো', 24.88979560, 91.86978940, 'https://smp.police.gov.bd/'),
(69, 4, 'Khulna Metro', 'খুলনা মেট্রো', 22.81577400, 89.56867900, 'https://kmp.police.gov.bd/'),
(70, 2, 'Chittagong Metro', 'চট্টগ্রাম মেট্রো', 22.33510900, 91.83407300, 'http://cmp.gov.bd/'),
(71, 1, 'Barisal Metro', 'বরিশাল মেট্রো', 22.70100200, 90.35345100, 'http://bmp.police.gov.bd/'),
(72, 3, 'Gazipur Metro', 'গাজীপুর মেট্রো', 24.00265900, 90.42004400, 'https://gmp.gov.bd/');

TRUNCATE TABLE `divisions`;

INSERT INTO `divisions` (`id`, `name`, `bn_name`, `latitude`, `longitude`) VALUES
(1, 'Barishal', 'বরিশাল', 22.70100200, 90.35345100),
(2, 'Chattogram', 'চট্টগ্রাম', 22.35685100, 91.78318200),
(3, 'Dhaka', 'ঢাকা', 23.78062070, 90.34928600),
(4, 'Khulna', 'খুলনা', 22.84564100, 89.54032800),
(5, 'Rajshahi', 'রাজশাহী', 24.36358900, 88.62413500),
(6, 'Rangpur', 'রংপুর', 25.74389200, 89.27522700),
(7, 'Sylhet', 'সিলেট', 24.89492900, 91.86870600),
(8, 'Mymensingh', 'ময়মনসিংহ', 24.74714900, 90.42027300);

TRUNCATE TABLE `thanas`;

INSERT INTO `thanas` (`id`, `name`, `division_name`, `district_name`, `upazila_name`, `union_name`, `division_id`, `district_id`, `latitude`, `longitude`, `status`) VALUES
(1, 'Keranigonj Model Police Station', 'Dhaka', 'Dhaka', 'Keranigonj', 'Jinjira', 3, 1, NULL, NULL, 1),
(2, 'Saver Model police station', 'Dhaka', 'Dhaka', 'Savar', 'Savar Municipality', 3, 1, '23.840688888889', '90.246783333333', 1),
(3, 'Saver Model police station', 'Dhaka', 'Dhaka', 'Savar', 'Savar Municipality', 3, 1, '23.840688888889', '90.246783333333', 1),
(4, 'Damray police station', 'Dhaka', 'Dhaka', 'Damray', 'Damray municipality', 3, 1, '23.914822222222', '90.216447222222', 1),
(5, 'Dhohar police station', 'Dhaka', 'Dhaka', 'Dhohar', 'Dhohar municipality', 3, 1, NULL, NULL, 1),
(6, 'Nawabgonj police station', 'Dhaka', 'Dhaka', 'Nawabgonj', 'Kalakopa', 3, 1, '23.596094444444', '90.160225', 1),
(7, 'Asulayia police station', 'Dhaka', 'Dhaka', 'Ashulia', 'Dhamsona', 3, 1, '23.942927777778', '90.271586111111', 1),
(8, 'Keranigonj police station', 'Dhaka', 'Dhaka', 'Keranigonj', 'Jinjira', 3, 1, NULL, NULL, 1),
(9, 'South Keranigonj police station', 'Dhaka', 'Dhaka', 'Keranigonj', 'Subhadhya', 3, 1, '23.847711111111', '90.415852777778', 1),
(10, 'Naria Police Station', 'Dhaka', 'Shariatpur', 'Naria', 'Naria Municipality', 3, 15, '23.302574', '90.405903', 1),
(11, 'Jazera police station', 'Dhaka', 'Shariatpur', 'Jazera', 'Jazera Municipality', 3, 15, '23.331724', '90.324369', 1),
(12, 'Damudda police station', 'Dhaka', 'Shariatpur', 'Damudda', 'Damudda Municipality', 3, 15, '23.134761', '90.4413', 1),
(13, 'Gosairhat police station', 'Dhaka', 'Shariatpur', 'Gosairhat', 'Gosairhat municipality', 3, 15, '23.070124', '90.435177', 1),
(14, 'Bhedargonj police station', 'Dhaka', 'Shariatpur', 'Bhedargonj ', 'Bhedargonj Municipality', 3, 15, '23.1964', '90.44952', 1),
(15, 'Sakhipur police station', 'Dhaka', 'Shariatpur', 'Sakhipur', 'Sakhipur up', 3, 15, '23.23194', '90.53064', 1),
(16, 'Narayangonj Sadar Model Police Station', 'Dhaka', 'Narayangonj', 'Sadar', 'Narayangonj City Corporation', 3, 11, NULL, NULL, 1),
(17, 'Fotullah police station', 'Dhaka', 'Narayangonj', 'Fotullah', 'Fotullah union', 3, 11, NULL, NULL, 1),
(18, 'Siddhirgonj Police Station', 'Dhaka', 'Narayangonj', 'Sadar', 'City Corporation', 3, 11, NULL, NULL, 1),
(19, 'Bandar Police Station', 'Dhaka', 'Narayangonj', 'Bandar', 'City Corporation', 3, 11, NULL, NULL, 1),
(20, 'Rupgonj police station', 'Dhaka', 'Narayangonj', 'Rupgonj', 'Rupgonj', 3, 11, NULL, NULL, 1),
(21, 'Sonargaon Police Station', 'Dhaka', 'Narayangonj', 'Sonargaon', 'Aminpur Municipality', 3, 11, NULL, NULL, 1),
(22, 'Araihazar Police Station', 'Dhaka', 'Narayangonj', 'Araihazar', 'Araihazar Municipality', 3, 11, NULL, NULL, 1),
(23, 'Munshigonj police station', 'Dhaka', 'Munshigonj', 'Munshigonj', 'Munshigonj municipality', 3, 9, '23.553223', '90.534077', 1),
(24, 'Gazaria police station', 'Dhaka', 'Munshigonj', 'Gazaria', 'Bhaberchar', 3, 9, '23.557635', '90.655967', 1),
(25, 'Sirajdikhan police station', 'Dhaka', 'Munshigonj', 'Sirajdikhan', 'Rasuniya', 3, 9, '23.574328', '90.381072', 1),
(26, 'Srinagar Police Station', 'Dhaka', 'Munshigonj', 'Srinagar', 'Srinagar', 3, 9, '23.53669', '90.28632', 1),
(27, 'Tongibari police station', 'Dhaka', 'Munshigonj', 'Tongibari', 'Sonarang Tongibari', 3, 9, '23.511131', '90.468319', 1),
(28, 'Lohajong police station', 'Dhaka', 'Munshigonj', 'Lohajong', 'Teotiya', 3, 9, '23.466529', '90.33132058', 1),
(29, 'Manikgonj police station', 'Dhaka', 'Manikgonj', 'Manikgonj sadar', 'Manikgonj Municipality', 3, 8, '23.861502', '90.001293', 1),
(30, 'Saturia police station', 'Dhaka', 'Manikgonj', 'Saturia', 'Saturia', 3, 8, '23.973692', '90.038295', 1),
(31, 'Singair police station', 'Dhaka', 'Manikgonj', 'Singair', 'Singair Municipality', 3, 8, '23.816037', '90.145839', 1),
(32, 'Horirampur police station', 'Dhaka', 'Manikgonj', 'Horirampur', 'Horirampur', 3, 8, '23.738713', '89.967683', 1),
(33, 'Shibalaya police station', 'Dhaka', 'Manikgonj', 'Shibaloy', 'Shibaloy', 3, 8, '23.836159', '89.782527', 1),
(34, 'Ghior police station', 'Dhaka', 'Manikgonj', 'Ghior', '04 no Ghior', 3, 8, '23.8999938', '89.872649', 1),
(35, 'Doulatpur police station', 'Dhaka', 'Manikgonj', 'Daulatpur', 'Cakmirpur', 3, 8, '23.971739', '89.8342548', 1),
(36, 'Narsingdi Model police station', 'Dhaka', 'Narsingdi', 'Narsingdi', 'Narsingdi municipality', 3, 12, NULL, NULL, 1),
(37, 'Palash police station', 'Dhaka', 'Narsingdi', 'Palash', 'Jinardi Union', 3, 12, NULL, NULL, 1),
(38, 'Model Shibpur Police Station', 'Dhaka', 'Narsingdi', 'Shibpur', 'Shibpur Municipality', 3, 12, NULL, NULL, 1),
(39, 'Raipura Police Station', 'Dhaka', 'Narsingdi', 'Raipura', 'Raipura Municipality', 3, 12, NULL, NULL, 1),
(40, 'Belabo police station', 'Dhaka', 'Narsingdi', 'Belabo', 'Belabo Union', 3, 12, NULL, NULL, 1),
(41, 'Monohardi police station', 'Dhaka', 'Narsingdi', 'Monohardi ', 'Monohardi Municipality', 3, 12, NULL, NULL, 1),
(42, 'Madhabdi police station', 'Dhaka', 'Narsingdi', 'Madhabdi', 'Madhabdi Municipality', 3, 12, NULL, NULL, 1),
(43, 'Joydebpur police station', 'Dhaka', 'Gazipur', 'Joydebpur police atation', 'Gazipur Municipality', 3, 3, '23.977812', '90.419893', 1),
(44, 'Tongi police station', 'Dhaka', 'Gazipur Metro', 'Tongi', 'Tongi police station', 3, 72, '23.894355', '90.380485', 1),
(45, 'Kaliakair police station', 'Dhaka', 'Gazipur', 'Kaliakair', 'Kaliakair municipality', 3, 3, '24.023229', '90.293253', 1),
(46, 'Kapasia police station', 'Dhaka', 'Gazipur', 'Kapasia', 'Kapasia sadar', 3, 3, '24.1128097', '90.568791', 1),
(47, 'Kaligonj Police Station', 'Dhaka', 'Gazipur', 'Kaligonj', 'Kaligonj', 3, 3, '23.92263', '90.569064', 1),
(48, 'Kishoreganj Model Police Station', 'Dhaka', 'Kishoregonj', 'Kishoregonj', 'Municipality', 3, 6, '24.438233', '90.780119', 1),
(49, 'Karimgonj police station', 'Dhaka', 'Kishoregonj', 'Karimgonj', 'Sacail UP', 3, 6, '24.470738', '90.869228', 1),
(50, 'Tarail police station', 'Dhaka', 'Kishoregonj', 'Tarail', 'Municipality', 3, 6, '24.549548', '90.892083', 1),
(51, 'Hossainpur police station', 'Dhaka', 'Kishoregonj', 'হোসেনপুর থানা', 'Municipality', 3, 6, '24.42486', '90.652937', 1),
(52, 'Pakundia police station', 'Dhaka', 'Kishoregonj', 'Pakundia', 'Municipality', 3, 6, '24.328088', '90.680858', 1),
(53, 'katiadi police station', 'Dhaka', 'Kishoregonj', 'Katiadi', 'Municipality', 3, 6, '24.244586', '90.797716', 1),
(54, 'Bajitpur police station', 'Dhaka', 'Kishoregonj', 'Bajitpur', 'Municipality', 3, 6, '24.213836', '90.797716', 1),
(55, 'Bhairab Police Station', 'Dhaka', 'Kishoregonj', 'Bhairab ', 'Municipality', 3, 6, '24.055036111111', '90.932219444444', 1),
(56, 'Nikli police station', 'Dhaka', 'Kishoregonj', 'Nikli', 'Nikli Union sadar', 3, 6, '24.332323', '90.933152', 1),
(57, 'Mithamain police station', 'Dhaka', 'Kishoregonj', 'Mithamain', 'Mithamain Union sadar', 3, 6, '24.417595', '91.054392', 1),
(58, 'Austagram police station', 'Dhaka', 'Kishoregonj', 'Austagram', 'Austagram  sadar up', 3, 6, '24.272107', '91.103773', 1),
(59, 'Itna  police station', 'Dhaka', 'Kishoregonj', 'Itna', 'Itna sadar up', 3, 6, '24.52874', '91.095492', 1),
(60, 'Asp Model police station Tangail', 'Dhaka', 'Tangail ', 'Sadar Upazila', 'Tangail Municipality', 3, 17, '24.246767', '89.913397', 1),
(61, 'Tangail Model Police Station', 'Dhaka', 'Tangail ', 'Sadar Upazila', 'Tangail Municipality', 3, 17, '24.246988', '89.913424', 1),
(62, 'Nagorpur police station', 'Dhaka', 'Tangail ', 'Nagorpur Upazila', 'Nagorpur Union', 3, 17, '24.55767', '89.876238', 1),
(63, 'Mirzapur Police Station', 'Dhaka', 'Tangail ', 'Mirzapur Upazila', 'Mirzapur Municipality', 3, 17, '24.101872', '90.098516', 1),
(64, 'Basail police station', 'Dhaka', 'Tangail ', 'Basail Upazila', 'Basail Municipality', 3, 17, '24.228452', '90.053873', 1),
(65, 'Sakhipur police station', 'Dhaka', 'Tangail ', 'Sakhipur Upazila', 'Sakhipur Municipality', 3, 17, '24.3145482', '90.1704223', 1),
(66, 'Delduar police station', 'Dhaka', 'Tangail ', 'Delduar Upazila', 'Delduar Municipality', 3, 17, '24.163649', '89.967009', 1),
(67, 'Kalihati Police Station', 'Dhaka', 'Tangail ', 'Kalihati Upazila', 'Kalihati municipality', 3, 17, '24.38484761', '89.98986', 1),
(68, 'Gataiat police station', 'Dhaka', 'Tangail ', 'Gataial Upazila', 'Gataial Municipality', 3, 17, '24.48351', '89.973062', 1),
(69, 'Madhupur police station', 'Dhaka', 'Tangail ', 'Madhupur Upazila', 'Madhupur Municipality', 3, 17, '24.605215', '90.02598', 1),
(70, 'Gopalpur Police Station', 'Dhaka', 'Tangail ', 'Gopalpur Upazila', 'Gopalpur Municipality', 3, 17, '24.562074', '89.928959', 1),
(71, 'Bhuapur police station', 'Dhaka', 'Tangail ', 'Bhuapur Upazila', 'Bhuapur Municipality', 3, 17, '24.462608', '89.87328', 1),
(72, 'Bangabandhu Bridge East Police Station', 'Dhaka', 'Tangail ', 'Kalihati Upazila', 'Gohaliyabari Union', 3, 17, '24.387469444444', '89.82385', 1),
(73, 'Dhanbari police station', 'Dhaka', 'Tangail ', 'Dhanbari Upazila', 'Dhanbari Municipality', 3, 17, '24.669283', '89.957333', 1),
(74, 'Kotwali Model Police Station', 'Dhaka', 'Faridpur', 'Sadar', 'Sadar Municipality', 3, 2, '23.600476', '89.834554', 1),
(75, 'Kotwali Police Station', 'Dhaka', 'Faridpur', 'Sadar', 'Sadar Municipality', 3, 2, '23.600476', '89.834554', 1),
(76, 'Modhukhali police station', 'Dhaka', 'Faridpur', 'Modhukhali', 'Modhukhali Municipality', 3, 2, '23.551217', '89.89626448', 1),
(77, 'Boalmarim police station', 'Dhaka', 'Faridpur', 'Boalmari', 'Boalmari Municipality', 3, 2, '23.385031', '89.681843', 1),
(78, 'Alphadanga police station', 'Dhaka', 'Faridpur', 'Alphadanga', 'Alphadanga', 3, 2, '23.293598', '89.703646', 1),
(79, 'Char Bhadrasan police station', 'Dhaka', 'Faridpur', 'Char Bhadrasan', 'Char Bhadrasan', 3, 2, '23.561612', '90.008342', 1),
(80, 'Banga police station', 'Dhaka', 'Faridpur', 'Banga', 'Banga Municipality', 3, 2, '23.384888', '89.978278', 1),
(81, 'Nagarkanda police station', 'Dhaka', 'Faridpur', 'Nagarkanda', 'Nagarkanda Municipality', 3, 2, '23.418187', '89.89042', 1),
(82, 'Sadarpur police station', 'Dhaka', 'Faridpur', 'Sadarpur', 'Sadarpur', 3, 2, '23.474425', '90.025673', 1),
(83, 'Saltha police station', 'Dhaka', 'Faridpur', 'Saltha', 'Ramkantopur', 3, 2, '23.43396', '89.78799', 1),
(84, 'Sadar police station Rajbari', 'Dhaka', 'Rajbari', 'Rajbari sadar', 'Rajbari municipality', 3, 14, NULL, NULL, 1),
(85, 'Goalandaghat police station', 'Dhaka', 'Rajbari', 'Goalandaghat', 'Goalanda Upazila', 3, 14, NULL, NULL, 1),
(86, 'Pangsha police station', 'Dhaka', 'Rajbari', 'Pangsha', 'Pangsha Upazila', 3, 14, NULL, NULL, 1),
(87, 'Baliakandi police station', 'Dhaka', 'Rajbari', 'Baliakandi', 'Baliakandi Upazila', 3, 14, NULL, NULL, 1),
(88, 'Kalukhali police station', 'Dhaka', 'Rajbari', 'Kalukhali', 'Kalukhali Upazila', 3, 14, NULL, NULL, 1),
(89, 'Gopalgonj sadar police station', 'Dhaka', 'Gopalgonj', 'Gopalgonj Sadar', 'Municipality', 3, 4, '23.012932', '89.833199', 1),
(90, 'Muksudpur police station', 'Dhaka', 'Gopalgonj', 'Muksudpur', 'Municipality', 3, 4, NULL, NULL, 1),
(91, 'Kashani police station', 'Dhaka', 'Gopalgonj', 'Kashani', '05 no union', 3, 4, NULL, NULL, 1),
(92, 'Kotalipara police station', 'Dhaka', 'Gopalgonj', 'Kotalipara', 'Municipality', 3, 4, NULL, NULL, 1),
(93, 'tungipara police station', 'Dhaka', 'Gopalgonj', 'Tungipara', 'Municipality', 3, 4, NULL, NULL, 1),
(94, 'Madaripur Sadar Model police station', 'Dhaka', 'Madaripur', 'Madaripur Sadar', NULL, 3, 7, '23.166917', '90.200407', 1),
(95, 'Kalkini police station', 'Dhaka', 'Madaripur', 'Kalkini', 'Kalkini Municipality', 3, 7, '23.072246', '90.241922', 1),
(96, 'Rajoir police station', 'Dhaka', 'Madaripur', 'Rajoir', 'Rajoir Municipality', 3, 7, '23.20681', '90.056614', 1),
(97, 'Shibchar police station', 'Dhaka', 'Madaripur', 'Shibchar', 'Shibchar Municipality', 3, 7, '23.345947', '90.157375', 1),
(98, 'Joraragonj police station', 'Chittagong', 'Chittagong', 'Mirsharai', 'Baraiyarhat Municipality', 2, 43, '22.889635', '91.535601', 1),
(99, 'Mirsharai police station', 'Chittagong', 'Chittagong', 'Mirsharai', 'Mirsharai Municipality', 2, 43, '21.779308', '91.570737', 1),
(100, 'Sitakundo Model police station', 'Chittagong', 'Chittagong', 'Sitakunda', 'Sitakundo Municipality', 2, 43, '22.620788', '91.657099', 1),
(101, 'Sandeep police station', 'Chittagong', 'Chittagong', 'Shondip', 'No. 18 haramiya', 2, 43, '22.485584', '91.486545', 1),
(102, 'Hathazari Police Station', 'Chittagong', 'Chittagong', 'Hathajari', 'Hathajari Municipality', 2, 43, NULL, NULL, 1),
(103, 'Rauzan police station', 'Chittagong', 'Chittagong', 'Rauzan', 'Rauzan Municipality', 2, 43, '22.537856', '91.915582', 1),
(104, 'Ranguniya Model police station', 'Chittagong', 'Chittagong', 'Ranguniya upazila', 'Ranguniya Municipality', 2, 43, NULL, NULL, 1),
(105, 'Fatickchari police station', 'Chittagong', 'Chittagong', 'Fatickchari', 'Fatickchari Municipality', 2, 43, NULL, NULL, 1),
(106, 'Bhujpur police station', 'Chittagong', 'Chittagong', 'Fatickchari', 'No. 04 Bhujpur', 2, 43, NULL, NULL, 1),
(107, 'Patia Police Station', 'Chittagong', 'Chittagong', 'Patia', 'Patia municipality', 2, 43, '22.295467', '91.981249', 1),
(108, 'Anwara police station', 'Chittagong', 'Chittagong', 'Anwara', 'Anwara Sadar', 2, 43, '22.223707', '91.902982', 1),
(109, 'Boalkhali police station', 'Chittagong', 'Chittagong', 'Boalkhali', 'Boalkhali Municipality', 2, 43, '22.378182', '91.918426', 1),
(110, 'Chandanaish police station', 'Chittagong', 'Chittagong', 'Chandanaish', 'Chandanaish Municipality', 2, 43, '22.211506', '92.011121', 1),
(111, 'Satkania police station', 'Chittagong', 'Chittagong', 'Satkania', 'Satkania municipality', 2, 43, '22.074877', '92.052161', 1),
(112, 'Lohagara police station', 'Chittagong', 'Chittagong', 'Lohagara', 'Lohagara', 2, 43, NULL, NULL, 1),
(113, 'Banshkhali Police Station', 'Chittagong', 'Chittagong', 'Bashkhali', 'Bahkhali Municipality', 2, 43, NULL, NULL, 1),
(114, 'Cox\'s Bazar Sadar Model police station', 'Chittagong', 'Cox\'s Bazar', 'Cox\'s Bazar Municipality', 'Sadar union', 2, 45, NULL, NULL, 1),
(115, 'Ramu Police Station', 'Chittagong', 'Cox\'s Bazar', 'Ramu', 'Phatekharkul', 2, 45, NULL, NULL, 1),
(116, 'Ukhiya police station', 'Chittagong', 'Cox\'s Bazar', 'Ukhiya', 'Rajapalong', 2, 45, NULL, NULL, 1),
(117, 'Moheshkhali Police Station', 'Chittagong', 'Cox\'s Bazar', NULL, NULL, 2, 45, NULL, NULL, 1),
(118, 'Kutubdia police station', 'Chittagong', 'Cox\'s Bazar', 'Kutubdia', 'Baraghop', 2, 45, NULL, NULL, 1),
(119, 'Chakaria police station', 'Chittagong', 'Cox\'s Bazar', 'Chokoria', NULL, 2, 45, NULL, NULL, 1),
(120, 'Teknaf Model Police Station', 'Chittagong', 'Cox\'s Bazar', 'Teknaf', NULL, 2, 45, NULL, NULL, 1),
(121, 'Pekua police station', 'Chittagong', 'Cox\'s Bazar', 'Pekuya', NULL, 2, 45, NULL, NULL, 1),
(122, 'Kotwali Model police station', 'Chittagong', 'Comilla', 'Adursho sadar', 'Comilla City Corporation', 2, 44, '23.465056', '91.187242', 1),
(123, 'Sadar Model Police Station south', 'Chittagong', 'Comilla', 'South sadar', 'Cauyara Union', 2, 44, '23.41073813', '91.19717048', 1),
(124, 'Manohargonj Police station Comilla.', 'Chittagong', 'Comilla', 'Manohargonj', 'Jhalam South', 2, 44, '23.163547', '91.048975', 1),
(125, 'Barura Police station Comilla.', 'Chittagong', 'Comilla', 'Barura', 'Barura Municipality', 2, 44, NULL, NULL, 1),
(126, 'Laksham Police station Comilla.', 'Chittagong', 'Comilla', 'Laksham', 'North Laksham municipal Ward 4', 2, 44, NULL, NULL, 1),
(127, 'Chauddagram Police station Comilla.', 'Chittagong', 'Comilla', 'Chauddagram', 'Chauddagram Municipality', 2, 44, '23.211974', '91.315203', 1),
(128, 'Nangalkot Police station Comilla.', 'Chittagong', 'Comilla', 'Nangalkot', 'Nangalkot Municipality', 2, 44, '23.162939', '91.200974', 1),
(129, 'Chandina Police station Comilla.', 'Chittagong', 'Comilla', 'Chandina', 'Chandina Municipality', 2, 44, '23.485362', '91.008946', 1),
(130, 'Burichang Police station Comilla.', 'Chittagong', 'Comilla', 'Burichang', 'Burichang Union', 2, 44, NULL, NULL, 1),
(131, 'Brahmanpara police station Comilla.', 'Chittagong', 'Comilla', 'Brahmanpara', 'Sahababad', 2, 44, '23.61372', '91.095259', 1),
(132, 'Muradnagar police station Comilla.', 'Chittagong', 'Comilla', 'Muradnagar', 'Muradnagar', 2, 44, '23.63754', '90.713801', 1),
(133, 'Daudkandi Police station Comilla', 'Chittagong', 'Comilla', 'Daudkandi', 'Daudkandi municipality', 2, 44, '23.537702', '91.315203', 1),
(134, 'Debidwar Police station Comilla.', 'Chittagong', 'Comilla', 'Debidwar', 'Debidwar Municipality', 2, 44, '23.606589', '90.989091', 1),
(135, 'Homna Police station Comilla.', 'Chittagong', 'Comilla', 'Homna', 'Homna Municipality', 2, 44, '23.684286', '91.780275', 1),
(136, 'Titus Police station Comilla.', 'Chittagong', 'Comilla', 'Titus', 'Karikandi', 2, 44, '23.593919', '90.79687', 1),
(137, 'Meghna Police station Comilla.', 'Chittagong', 'Comilla', 'Meghna', 'Gobindapur', 2, 44, '23.627823', '90.702845', 1),
(138, 'Bangara Bazar Police Station Comilla.', 'Chittagong', 'Comilla', 'Bangra Bazar', 'South Union bangara', 2, 44, NULL, NULL, 1),
(139, 'Brahmanbaria Model police station', 'Chittagong', 'Brahmanbaria', 'Brahmanbaria sadar', 'Brahmanbaria sadar', 2, 41, '40.741895', NULL, 1),
(140, 'Ashugonj police station', 'Chittagong', 'Brahmanbaria', 'Ashugonj', 'Ashugonj', 2, 41, '24.03669', '91.01265', 1),
(141, 'Sarail Police Station', 'Chittagong', 'Brahmanbaria', 'Sarail', 'Sarail', 2, 41, '24.0691265', '91.1117711', 1),
(142, 'Nasirnagar police station', 'Chittagong', 'Brahmanbaria', 'Nasirnagar', 'Nasirnagar sadar', 2, 41, '24.199036', '91.1956', 1),
(143, 'Nabinagar police station', 'Chittagong', 'Brahmanbaria', 'Nabinagar', 'Nabinagar Municipality', 2, 41, NULL, NULL, 1),
(144, 'Bancharampur Model police station', 'Chittagong', 'Brahmanbaria', 'Bancharampur', 'Bancharampur Municipality', 2, 41, '23.770225', '90.802409', 1),
(145, 'Kasba police station', 'Chittagong', 'Brahmanbaria', 'Kasba', 'Kasba Municipality', 2, 41, NULL, NULL, 1),
(146, 'Akhaura police station', 'Chittagong', 'Brahmanbaria', 'Akhaura', 'Akhaura Municipality', 2, 41, '23.867493', '91.211033', 1),
(147, 'Bijoynagar Police Station (North)', 'Chittagong', 'Brahmanbaria', 'Bijoynagar', 'Ichhapur', 2, 41, NULL, NULL, 1),
(148, 'Sadar police station', 'Chittagong', 'Cadapur ', 'Cadapur Sadar', 'Chandpur Municipality', 2, 0, '23.224096', '90.653467', 1),
(149, 'Faridgonj police station', 'Chittagong', 'Cadapur ', 'Faridgonj', 'Ward 8  Faridgগnj Municipality', 2, 0, '23.137812', '90.743095', 1),
(150, 'Matlab North Police Station', 'Chittagong', 'Cadapur ', 'Matlab North', 'Chengarcaras Municipality Ward 04', 2, 0, '23.44168', '90.59807', 1),
(151, 'Matlab South Police Station', 'Chittagong', 'Cadapur ', 'Matlab South', 'Ward no 3 Matlab municipality', 2, 0, NULL, NULL, 1),
(152, 'Haimchar police station', 'Chittagong', 'Cadapur ', 'Haimchar', 'No. 03 South ALGI Durgapur', 2, 0, NULL, NULL, 1),
(153, 'Hajigonj police station', 'Chittagong', 'Cadapur ', 'Hajigonj', 'Ward 6  Hajigonj Municipality', 2, 0, NULL, NULL, 1),
(154, 'Sharasti Model police station', 'Chittagong', 'Cadapur ', 'Sharasti', 'Sharasti Municipality', 2, 0, NULL, NULL, 1),
(155, 'Kochua police station', 'Chittagong', 'Cadapur ', 'Kochua', 'Ward 8  Kochua Municipality', 2, 0, '23.344534', '90.896513', 1),
(156, 'Sudharam Model police station', 'Chittagong', 'Noakhali', 'Sadar', 'Noakhali municipality', 2, 49, '20.871111111111', '91.097222222222', 1),
(157, 'Companigonj police station', 'Chittagong', 'Noakhali', 'Companigonj', 'Basurhat Municipality', 2, 49, '22.871436111111', '91.277033333333', 1),
(158, 'Begumgonj police station', 'Chittagong', 'Noakhali', 'Begumgonj', 'Chaumohani Municipality', 2, 49, '22.945458333333', '91.101283333333', 1),
(159, 'Chatkhil police station', 'Chittagong', 'Noakhali', 'Chatkhil', 'Chatkhil Municipality', 2, 49, '23.063225', '90.967169444444', 1),
(160, 'Sonaimuri police station', 'Chittagong', 'Noakhali', 'Sonaimuri thana', 'Sonaimuri Municipality', 2, 49, '23.035558333333', '91.098036111111', 1),
(161, 'Charjabbar police station', 'Chittagong', 'Noakhali', 'Subarnachar', 'Charjubali Union', 2, 49, '22.658986111111', '91.101388888889', 1),
(162, 'Feni Model police station', 'Chittagong', 'Feni ', 'Feni sadar', 'Feni municipality', 2, 46, NULL, NULL, 1),
(163, 'Dagonbhuiya police station', 'Chittagong', 'Feni ', 'Dagonbhuiya', 'Dagonbhuiya Municipality', 2, 46, '22.944977', '91.314847', 1),
(164, 'Sonagazi Model police station', 'Chittagong', 'Feni ', 'Sonagazi', 'Sonagazi Municipality', 2, 46, '22.849429', '91.392331', 1),
(165, 'Chhagalnaiya police station', 'Chittagong', 'Feni ', 'Chhagalnaiya', 'Chhagalnaiya Municipality', 2, 46, '23.037898', '91.517333', 1),
(166, 'Fulgazi police station', 'Chittagong', 'Feni ', 'Fulgazi', '01 no Fulgazi', 2, 46, '23.1502', '91.4306', 1),
(167, 'Parshuram Model police station', 'Chittagong', 'Feni ', 'Parshuram', 'Parshuram municipality', 2, 46, '23.217612', '91.445364', 1),
(168, 'Laxmipur police station', 'Chittagong', 'Laxmipur', 'Sadar', NULL, 2, 48, '22.938888888889', '90.839166666667', 1),
(169, 'Raypur police station', 'Chittagong', 'Laxmipur', 'Raypur', NULL, 2, 48, '23.019444444444', '90.767222222222', 1),
(170, 'Ramgonj police station', 'Chittagong', 'Laxmipur', 'Ramgonj', NULL, 2, 48, '23.099444444444', '90.859444444444', 1),
(171, 'Ramgoti police station ', 'Chittagong', 'Laxmipur', 'Ramgoti', NULL, 2, 48, '22.666944444444', '90.911111111111', 1),
(172, 'kamolnagar police station', 'Chittagong', 'Laxmipur', 'Kamolnagar', NULL, 2, 48, '22.734722222222', '90.866944444444', 1),
(173, 'Chandragonj police station', 'Chittagong', 'Laxmipur', 'Sadar', 'Chandragonj', 2, 48, '22.097777777778', '90.992777777778', 1),
(174, 'Kotwali Police Station', 'Chittagong', 'Rangamati', 'Rangamati sadar', 'Rangamati Municipality Ward no 4', 2, 50, '22.637423888889', '92.187955277778', 1),
(175, 'Longadu police station', 'Chittagong', 'Rangamati', 'Longadu', '07 no up longadu', 2, 50, '22.949722222222', '92.15', 1),
(176, 'Kaptai police station', 'Chittagong', 'Rangamati', 'Kaptai', 'No. 05 Oyapadaiup', 2, 50, '22.510633333333', '92.138329', 1),
(177, 'Chandraghona police station', 'Chittagong', 'Rangamati', 'Kaptai', 'No. 02 Raikhali UP', 2, 50, '22.4692823', '92.131217611111', 1),
(178, 'Belaichhari police station', 'Chittagong', 'Rangamati', 'Belaichhari', 'No. 01 UP', 2, 50, '22.501266666667', '92.337888888889', 1),
(179, 'jurachhari police station', 'Chittagong', 'Rangamati', 'Jurachhari', 'No. 01 jurachhari UP', 2, 50, '22.665011111111', '92.389988888889', 1),
(180, 'Barkal Police Station', 'Chittagong', 'Rangamati', 'Barkal', 'No. 02 Barkal sadar UP', 2, 50, '22.724033333333', '92.380541666667', 1),
(181, 'Naniarchar police station', 'Chittagong', 'Rangamati', 'Naniarchar', 'No. 02 naniarchar UP', 2, 50, '22.841133333333', '92.099633333333', 1),
(182, 'Kawkhali police station', 'Chittagong', 'Rangamati', 'Kawkhali', 'No. 02 Ghagra UP', 2, 50, '22.632752777778', '92.039419444444', 1),
(183, 'Rajasthali police station', 'Chittagong', 'Rangamati', 'Rajasthali', 'No. 02 gainda UP', 2, 50, '22.366444444444', '92.253972222222', 1),
(184, 'Baghaichori police station', 'Chittagong', 'Rangamati', 'Baghaichori municipality', 'Baghaichori Municipality', 2, 50, '23.155741666667', '92.189869444444', 1),
(185, 'Sajek police station', 'Chittagong', 'Rangamati', 'Baghaichori', 'No. 38 Sajek UP', 2, 50, '23.381991666667', '92.293822222222', 1),
(186, 'Sadar police station', 'Chittagong', 'Khagrachari', 'Sadar', 'Sadar Municipality', 2, 47, '23.112196', '91.989862', 1),
(187, 'Dighinela police station', 'Chittagong', 'Khagrachari', 'Dighinala', 'No. 02 Boalkhali UP', 2, 47, '23.251131', '92.066738', 1),
(188, 'Mahalchhari police station', 'Chittagong', 'Khagrachari', 'Mahalchhari', '01 no Mahalchhari', 2, 47, '22.9326802', '92.034018', 1),
(189, 'Panchhari police station', 'Chittagong', 'Khagrachari', 'Panchhari', 'No. 03 Panchhari sadar up', 2, 47, NULL, NULL, 1),
(190, 'Matiranga police station', 'Chittagong', 'Khagrachari', 'Matiranga', 'Matiranga Municipality', 2, 47, '23.042906', '91.87107', 1),
(191, 'Manikchharhi police station', 'Chittagong', 'Khagrachari', 'Manikchharhi', 'No. 01 Manikchharhi', 2, 47, NULL, NULL, 1),
(192, 'Laxmichari police station', 'Chittagong', 'Khagrachari', 'Laxmichari', '01 no Laxmichhari', 2, 47, NULL, NULL, 1),
(193, 'Ramgar police station', 'Chittagong', 'Khagrachari', 'Ramgar', 'Ramgar municipality', 2, 47, '22.99827', '91.73351', 1),
(194, 'Sadar police station', 'Chittagong', 'Bandarban', 'Bandarban sadar', 'Bandarban Sadar police station', 2, 40, NULL, NULL, 1),
(195, 'Runa police station', 'Chittagong', 'Bandarban', 'Ruma', 'Ruma sadar', 2, 40, NULL, NULL, 1),
(196, 'Thanchi police station', 'Chittagong', 'Bandarban', 'Thanchi', NULL, 2, 40, NULL, NULL, 1),
(197, 'Alikadam police station', 'Chittagong', 'Bandarban', 'Alikadam upazila', '01 Alikadam Up', 2, 40, '21.653108', '92.309559', 1),
(198, 'Royanchari police station', 'Chittagong', 'Bandarban', 'Royanchari', 'No. 03 Aleksyam UP', 2, 40, '22.181391', '92.336849', 1),
(199, 'Lama police station', 'Chittagong', 'Bandarban', 'Lama', 'Lama', 2, 40, '21.772145', '92.198442', 1),
(200, 'Paba Police Station', 'Rajshahi', 'Rajshahi Metro', 'Paba', NULL, 5, 67, '24.458185', '88.612512', 1),
(201, 'Mohanpur police station', 'Rajshahi', 'Rajshahi Metro', 'Mohanpur', NULL, 5, 67, '24.547314', '88.646528', 1),
(202, 'Godagari Police Station', 'Rajshahi', 'Rajshahi Metro', 'Godagari', NULL, 5, 67, '24.466801', '88.318154', 1),
(203, 'Tanore police station', 'Rajshahi', 'Rajshahi Metro', 'Tanore', NULL, 5, 67, '24.58892', '88.576944', 1),
(204, 'Durgapur Police Station', 'Rajshahi', 'Rajshahi Metro', 'Durgapur', NULL, 5, 67, '24.446', '88.764', 1),
(205, 'Baghmara police station', 'Rajshahi', 'Rajshahi Metro', 'Baghmara', NULL, 5, 67, '24.415547', '88.850102', 1),
(206, 'Puthia Police Station', 'Rajshahi', 'Rajshahi Metro', 'Puthia', NULL, 5, 67, '24.400828', '88.837447', 1),
(207, 'Charghat police station', 'Rajshahi', 'Rajshahi Metro', 'Charghat', NULL, 5, 67, '24.281963', '88.747258', 1),
(208, 'Bagha police station', 'Rajshahi', 'Rajshahi', 'Bagha', NULL, 5, 24, '24.197457', '88.835445', 1),
(209, 'Nawabganj Sadar Model Police Station', 'Rajshahi', ' Chapainawabgonj', 'Nawabganj Sadar', NULL, 5, 22, '24.5995', '88.2685', 1),
(210, 'Shibgonj police station', 'Rajshahi', ' Chapainawabgonj', 'Shibgonj', NULL, 5, 22, '24.6831', '88.1551', 1),
(211, 'Gomastapur police station', 'Rajshahi', ' Chapainawabgonj', 'Gomastapur', NULL, 5, 22, '24.7804', '88.2777', 1),
(212, 'Nachole police station', 'Rajshahi', ' Chapainawabgonj', 'Nachole', NULL, 5, 22, '24.7307', '88.4233', 1),
(213, 'Bholahat police station', 'Rajshahi', ' Chapainawabgonj', 'Bholahat', NULL, 5, 22, '24.8205', '88.1857', 1),
(214, 'Nagaon sadar police station', 'Rajshahi', 'Nagaon', 'Nagaon', 'Sadar', 5, 20, '24.824447', '88.930013', 1),
(215, 'Raninagar Police Station', 'Rajshahi', 'Nagaon', 'Raninagar', 'Raninagar', 5, 20, '24.741721', '88.96694', 1),
(216, 'Atrai Police Station', 'Rajshahi', 'Nagaon', 'Atrai', 'No. 4 pacupur', 5, 20, '24.611386', '88.977176', 1),
(217, 'Badalgachhi police station', 'Rajshahi', 'Nagaon', 'Badalgachhi', 'Badalgachhi', 5, 20, '24.966417', '88.905848', 1),
(218, 'Mohadebpur police station', 'Rajshahi', 'Nagaon', 'Mahadebpur', 'Mahadebpur', 5, 20, '24.919938', '88.746818', 1),
(219, 'Manda Police station', 'Rajshahi', 'Nagaon', 'Manda', 'Manda', 5, 20, '31.977144', '81.224593', 1),
(220, 'Niamatpur police station', 'Rajshahi', 'Nagaon', 'Niamatpur', 'Niamatpur', 5, 20, '24.83202', '88.57251', 1),
(221, 'patnitala police station', 'Rajshahi', 'Nagaon', 'Patnitala', 'Nazipur Municipality', 5, 20, '31.977144', '81.224593', 1),
(222, 'Dhamuirhat police station', 'Rajshahi', 'Nagaon', 'Dhamoirhat', 'Dhamoirhat', 5, 20, '25.149831', '88.853791', 1),
(223, 'Sapahar police station', 'Rajshahi', 'Nagaon', 'Sapahar', '01 no Sapahar', 5, 20, '25.128', '88.78976', 1),
(224, 'Porsha Police Station', 'Rajshahi', 'Nagaon', 'Porsha', 'Porsha', 5, 20, '25.025482', '88.857083', 1),
(225, 'Natore police station', 'Rajshahi', 'Natore', 'Natore sadar', 'Natore Municipality', 5, 21, '24.411589', '88.993527', 1),
(226, 'Gurdaspur police station', 'Rajshahi', 'Natore', 'Gurdaspur', 'Gurdaspur Municipality', 5, 21, '24.369028', '89.233359', 1),
(227, 'Baraigram police station', 'Rajshahi', 'Natore', 'Baraigram', 'Baraigram', 5, 21, '24.177851', '88.462125', 1),
(228, 'Lalpur police station', 'Rajshahi', 'Natore', 'Lalpur', 'Lalpur', 5, 21, '24.177846', '88.462121', 1),
(229, 'Singra Police Station', 'Rajshahi', 'Natore', 'Singra', 'Singra Municipality', 5, 21, '24.506652', '89.142684', 1),
(230, 'Naldanga police station', 'Rajshahi', 'Natore', 'Naldanga', 'Naldanga Municipality', 5, 21, '24.506', '88.955', 1),
(231, 'Sujanagar police station', 'Rajshahi', 'Pabna', 'Sujanagar', 'Sujanagar municipality', 5, 23, '23.935517', '89.41103', 1),
(232, 'Ishwardi Police Station', 'Rajshahi', 'Pabna', 'ISHWARDI', 'Ishwardi municipality', 5, 23, '24.123209', '89.065239', 1),
(233, 'Bhangura police station', 'Rajshahi', 'Pabna', 'Bhangura', 'Bhangura municipality', 5, 23, '24.217014', '89.377176', 1),
(234, 'Aminpur police station', 'Rajshahi', 'Pabna', 'Bera', 'Jatasakini-Bera', 5, 23, '23.91393', '89.629832', 1),
(235, 'Atgharia police station', 'Rajshahi', 'Pabna', 'Atgharia', 'Municipality-Atgharia', 5, 23, '24.118212', '89.227703', 1),
(236, 'Faridpur police station', 'Rajshahi', 'Pabna', 'Faridpur', 'Banaoyarinagara', 5, 23, '24.163186', '89.442682', 1),
(237, 'Bera police station', 'Rajshahi', 'Pabna', 'Bera', 'Municipality-Bera', 5, 23, '24.081396', '89.63154', 1),
(238, 'Santhia Police Station', 'Rajshahi', 'Pabna', 'Santhia', 'Municipality santhia', 5, 23, '24.111637', '89.241282', 1),
(239, 'Ataikula police station', 'Rajshahi', 'Pabna', 'Santhia', 'R-Ataikula', 5, 23, '24.031898', '89.412763', 1),
(240, 'Chatmohar police station', 'Rajshahi', 'Pabna', 'Chatmohar', 'Municipality-Chatmohar', 5, 23, '24.231427', '89.287024', 1),
(241, 'Sirajgonj police station', 'Rajshahi', 'Sirajgonj', 'Sirajgonj sadar', 'Sirajgonj municipality', 5, 25, '24.458116666667', '89.711194444444', 1),
(242, 'Kazipur police station', 'Rajshahi', 'Sirajgonj', 'Kazipur', 'No. 5 Kazipur Sadar union', 5, 25, NULL, NULL, 1),
(243, 'Belkuchi police station', 'Rajshahi', 'Sirajgonj', 'Belkuchi', NULL, 5, 25, NULL, NULL, 1),
(244, 'Bangabandhu Bridge West Police Station', 'Rajshahi', 'Sirajgonj', 'Sirajgonj sadar', NULL, 5, 25, '24.399166666667', '89.761666666667', 1),
(245, 'Shajadpur police station', 'Rajshahi', 'Sirajgonj', 'Shajadpur', NULL, 5, 25, '24.175833333333', '89.599444444444', 1),
(246, 'Ullahpara police station', 'Rajshahi', 'Sirajgonj', 'Ullahpara', NULL, 5, 25, NULL, NULL, 1),
(247, 'Enayetpur police station', 'Rajshahi', 'Sirajgonj', 'Enayetpur police station', NULL, 5, 25, '24.232222222222', NULL, 1),
(248, 'Chouhali police station', 'Rajshahi', 'Sirajgonj', 'Chouhali police station', NULL, 5, 25, NULL, '89.799722222222', 1),
(249, 'Raigonj Police Station', 'Rajshahi', 'Sirajgonj', 'Raygonj', NULL, 5, 25, '24.500277777778', '89.516666666667', 1),
(250, 'Tarash police station', 'Rajshahi', 'Sirajgonj', 'Tarash', NULL, 5, 25, '24.450277777778', '89.36', 1),
(251, 'Kamarkhand police station', 'Rajshahi', 'Sirajgonj', 'Kamarkhand', NULL, 5, 25, NULL, '89.653333333333', 1),
(252, 'Salanga police station', 'Rajshahi', 'Sirajgonj', 'Raygonj', NULL, 5, 25, '24.417222222222', '89.513055555555', 1),
(253, 'Sadar police station', 'Rajshahi', 'Bogra', 'Sadar', 'Sadar municipality', 5, 18, '24.850654', '89.372926', 1),
(254, 'Shibgonj police station', 'Rajshahi', 'Bogra', 'Shibgonj', 'Shibgonj Municipality', 5, 18, '25.002514', '89.322469', 1),
(255, 'Sonatala police station', 'Rajshahi', 'Bogra', 'Sonatala', 'Sonatala Municipality', 5, 18, '25.0375', '89.5016', 1),
(256, 'Sariakandi police station', 'Rajshahi', 'Bogra', 'Sariakandi', 'Sariakandi Municipality', 5, 18, '24.888362', '89.569628', 1),
(257, 'Gabtali Model police station', 'Rajshahi', 'Bogra', 'Gabtali', 'Gabtali Municipality', 5, 18, '24.879763', '89.449077', 1),
(258, 'Shajahanpur Police Station', 'Rajshahi', 'Bogra', 'Shajahanpur', 'Shajahanpur Municipality', 5, 18, '24.777042', '89.394447', 1),
(259, 'Adamdighi police station', 'Rajshahi', 'Bogra', 'Adamdighi', 'Adamdighi Municipality', 5, 18, '24.819336', '89.03834', 1),
(260, 'Dupchachia police station', 'Rajshahi', 'Bogra', 'Dupchachia', 'Dupchachia Municipality', 5, 18, '24.875015', '89.180868', 1),
(261, 'Kahalu police station', 'Rajshahi', 'Bogra', 'Kahalu', 'Kahalu Municipality', 5, 18, '24.831563', '89.268677', 1),
(262, 'Nandigram police station', 'Rajshahi', 'Bogra', 'Nandigram', 'Nandigram Municipality', 5, 18, '24.645735', '89.249652', 1),
(263, 'Sherpur Police Station', 'Rajshahi', 'Bogra', 'Sherpur', 'Sherpur municipality', 5, 18, '24.679657', '89.414412', 1),
(264, 'Dhunat police station', 'Rajshahi', 'Bogra', 'Dhunat', 'Dhunat Municipality', 5, 18, '24.690184', '89.532534', 1),
(265, 'Panchbibi police station', 'Rajshahi', 'Joypurhat ', 'Panchbibi', 'Panchbibi Municipality', 5, 19, '25.189606', '89.017953', 1),
(266, 'Kalai police station', 'Rajshahi', 'Joypurhat ', 'Kalai', 'Kalai Municipality', 5, 19, '25.06803', '89.162597', 1),
(267, 'Khetlal police station', 'Rajshahi', 'Joypurhat ', 'Khetlal', 'Khetlal Municipality', 5, 19, '25.03885', '89.11987', 1),
(268, 'Akkelpur police station', 'Rajshahi', 'Joypurhat ', 'Akkelpur', 'Akkelpur Municipality', 5, 19, '24.96574', '89.020685', 1),
(269, 'Rupsa police station', 'Khulna', 'Khulna', 'Rupsa', 'Ts bahirdiya', 4, 59, '22.797388', '89.648166', 1),
(270, 'Terokhada police station', 'Khulna', 'Khulna', 'Dighalia', 'Dighalia', 4, 59, '22.9391', '89.669778', 1),
(271, 'Dighalia police station', 'Khulna', 'Khulna', 'Dighalia', 'Dighalia', 4, 59, '22.89079', '89.53462', 1),
(272, 'Fultala police station', 'Khulna', 'Khulna', 'Fultala', 'Damodar', 4, 59, NULL, NULL, 1),
(273, 'Dumuria police station', 'Khulna', 'Khulna', 'Dumuria', 'Dumuria', 4, 59, '22.807876', '89.417979', 1),
(274, 'Batiaghata police station', 'Khulna', 'Khulna', 'Batiaghata', 'Batiaghata union', 4, 59, '22.736938', '89.517565', 1),
(275, 'Dacope police station', 'Khulna', 'Khulna', 'Dacope', 'Pankhali', 4, 59, '22.600972', '89.516172', 1),
(276, 'Paikgacha police station', 'Khulna', 'Khulna', 'Paikgacha', 'Paikgacha union', 4, 59, '22.585184', '89.320529', 1),
(277, 'Koira police station', 'Khulna', 'Khulna', 'Koira', 'Koira union', 4, 59, '22.35071', '89.28489', 1),
(278, 'Bagerhat Model Police Station', 'Khulna', 'Bagerhat', 'Sadar Upazila', 'Bagerhat Municipality', 4, 0, NULL, NULL, 1),
(279, 'Fakirhat Model police station', 'Khulna', 'Bagerhat', 'Fakirhat', 'Mansa-bahirdiya', 4, 0, NULL, NULL, 1),
(280, 'Mollahat police station', 'Khulna', 'Bagerhat', 'Mollarhat', 'Udaipur', 4, 0, NULL, NULL, 1),
(281, 'Chitalmari police station', 'Khulna', 'Bagerhat', 'Chitalmari', 'Sadar', 4, 0, NULL, NULL, 1),
(282, 'Kochua police station', 'Khulna', 'Bagerhat', 'Kochua', 'Kochua', 4, 0, NULL, NULL, 1),
(283, 'Morelgonj police station', 'Khulna', 'Bagerhat', 'Morelgonj', 'Morelgonj Municipality', 4, 0, NULL, NULL, 1),
(284, 'Sharonkhola police station', 'Khulna', 'Bagerhat', 'Sharonkhola', 'Rayenda', 4, 0, NULL, NULL, 1),
(285, 'Rampal Police Station', 'Khulna', 'Bagerhat', 'Rampal', 'Bastali', 4, 0, NULL, NULL, 1),
(286, 'Mongla Police Station', 'Khulna', 'Bagerhat', 'Mongla', 'Mongla municipality', 4, 0, NULL, NULL, 1),
(287, 'Sadar police station', 'Khulna', 'Satkhira', 'Sadar Upazila', 'Satkhira municipality', 4, 0, NULL, NULL, 1),
(288, 'kalaroya police station', 'Khulna', 'Satkhira', 'kalaroya Upazila', 'Kalaroya Municipality', 4, 0, NULL, NULL, 1),
(289, 'Tala police station', 'Khulna', 'Satkhira', 'Tala Upazila', 'Tala Union', 4, 0, NULL, NULL, 1),
(290, 'Patkelghata police station', 'Khulna', 'Satkhira', 'Tala Upazila', 'Saruliya Union', 4, 0, NULL, NULL, 1),
(291, 'Ashashuni police station', 'Khulna', 'Satkhira', 'Assasuni Upazila', 'Ashashuni Union', 4, 0, NULL, NULL, 1),
(292, 'Debhata police station', 'Khulna', 'Satkhira', 'Debhata Upazila', 'Debhata Union', 4, 0, NULL, NULL, 1),
(293, 'Kaligonj police station', 'Khulna', 'Satkhira', 'Kaligonj Upazila', 'Kusholia Union', 4, 0, NULL, NULL, 1),
(294, 'Shyamnagar police station', 'Khulna', 'Satkhira', 'Shyamnagar Upazila', 'Nakipur Union', 4, 0, NULL, NULL, 1),
(295, 'Kotwali Model Police Station', 'Khulna', 'Jessore', 'Sadar Upazila', 'Jessore municipality', 4, 57, '23.165606', '89.213884', 1),
(296, 'Jhikorgachha police station', 'Khulna', 'Jessore', 'Jhikargachha', 'Jhikargachha Municipality', 4, 57, '23.099736', '89.096851', 1),
(297, 'Chaugachha police station', 'Khulna', 'Jessore', 'Chaugachha', 'Chaugachha Municipality', 4, 57, '23.268837', '89.022713', 1),
(298, 'Sharsha police station', 'Khulna', 'Jessore', 'Sharsha', 'Sharsha UP', 4, 57, '23.056974', '89.951162', 1),
(299, 'Benapole Port Police Station', 'Khulna', 'Jessore', 'Sharsha', 'Benapol Municipality', 4, 57, '23.041608', '88.892754', 1),
(300, 'Monirampur police station', 'Khulna', 'Jessore', 'Monirampur', 'Monirampur Municipality', 4, 57, '23.025967', '89.233604', 1),
(301, 'Keshabpur police station', 'Khulna', 'Jessore', 'Keshabpur', 'Keshabpur Municipality', 4, 57, '23.025867', '89.233704', 1),
(302, 'Abhaynagar police station', 'Khulna', 'Jessore', 'Abhaynagar', 'Abhaynagar Municipality', 4, 57, '23.0201455', '89.408163', 1),
(303, 'Bagharpara police station', 'Khulna', 'Jessore', 'Bagharpara', 'Bagharpara Municipality', 4, 57, '23.222195', '89.348877', 1),
(304, 'Jhenaidha police station', 'Khulna', 'Jhenaidha', 'Sadar Upazila', 'Jhenaidaha Municipality', 4, 58, NULL, NULL, 1),
(305, 'Shailkupa police station', 'Khulna', 'Jhenaidha', 'Shailkupa Upazila', 'Shailkupa Municipality', 4, 58, NULL, NULL, 1),
(306, 'Harinakunda police station', 'Khulna', 'Jhenaidha', 'Harinakunda Upazila', 'Harinakunda Municipality', 4, 58, NULL, NULL, 1),
(307, 'Kaligonj police station', 'Khulna', 'Jhenaidha', 'Kaligonj Upazila', 'Kaligonj Municipality', 4, 58, NULL, NULL, 1),
(308, 'Courtchandpur police station', 'Khulna', 'Jhenaidha', 'Kotchandpur Upazila', 'Kotchandpur Municipality', 4, 58, NULL, NULL, 1),
(309, 'Moheshpur police station', 'Khulna', 'Jhenaidha', 'Mohespur Upazila', 'Mohespur Municipality', 4, 58, NULL, NULL, 1),
(310, 'Magura Sadar Police Station', 'Khulna', 'Magura', 'Magura', 'Magura municipality', 4, 61, '23.490786', '89.422816', 1),
(311, 'Sreepur police station', 'Khulna', 'Magura', 'Sreepur', 'Sreepur union', 4, 61, '23.592437', '89.394257', 1),
(312, 'Mohammadpur Police Station', 'Khulna', 'Magura', 'Mohammadpur', 'Mohammadpur Union', 4, 61, '23.397173', '89.607318', 1),
(313, 'Salikha police station', 'Khulna', 'Magura', 'Salikha', 'Arpara Union', 4, 61, '23.37202509', '89.36882771', 1),
(314, 'Sadar police station', 'Khulna', 'Narail', 'Narail Sadar', 'Narail Municipality', 4, 63, '23.170682', '89.507628', 1),
(315, 'Lohagara police station', 'Khulna', 'Narail', 'Lohagara', 'Lohagara Municipality', 4, 63, '23.18235', '89.646972', 1),
(316, 'Kalia police station', 'Khulna', 'Narail', 'Kalia police station', 'Kalia Municipality', 4, 63, '23.038562', '89.667445', 1),
(317, 'Naragati police station', 'Khulna', 'Narail', 'Naragati oplice station', 'Naragati Union', 4, 63, '31.977144', '81.224593', 1),
(318, 'Kustia model police station', 'Khulna', 'Kustia', 'Kustia sadar', 'Kustia Municipality', 4, 60, '23.90788', '89.128167', 1),
(319, 'Daulatpur police station', 'Khulna', 'Kustia', 'Daulatpur', '10 no Daulatpur Union', 4, 60, '23.977621', '88.995599', 1),
(320, 'Beramara police station', 'Khulna', 'Kustia', 'Beramara', 'Beramara Municipality', 4, 60, '23.977621', '88.995599', 1),
(321, 'Mirpur police station', 'Khulna', 'Kustia', 'Mirpur', 'Mirpur Municipality', 4, 60, '23.940732', '89.002926', 1),
(322, 'Kumarkhali police station', 'Khulna', 'Kustia', 'Kumarkhali', 'Kumarkhali Municipality', 4, 60, '23.860266', '89.239706', 1),
(323, 'Khoksa police station', 'Khulna', 'Kustia', 'Khoksa', 'Khoksa Municipality', 4, 60, '23.80262', '89.282128', 1),
(324, 'Islami University Police Station', 'Khulna', 'Kustia', 'Kustia sadar', 'No. 12 Harinarayanpur Union', 4, 60, '23.889683', '89.115993', 1),
(325, 'Chuadangha police station', 'Khulna', 'Chuadangha', 'Chuadangha sadar', 'Chuadangha Municipality', 4, 56, '23.645068', '88.844548', 1),
(326, 'Alamdanga police station', 'Khulna', 'Chuadangha', 'Alamdangha', 'Alamdangha Municipality', 4, 56, '23.758887', '88.943879', 1),
(327, 'Damurhuda police station', 'Khulna', 'Chuadangha', 'Damurhuda', 'Damurhuda Union', 4, 56, '23.60134', '88.775542', 1),
(328, 'Jibannagar police station', 'Khulna', 'Chuadangha', 'Jibannagar', 'Jibannagar Municipality', 4, 56, '23.428534', '88.812204', 1),
(329, 'Meherpur sadar police station', 'Khulna', 'Meherpur', 'Meherpur sadar', 'Meherpur Municipality', 4, 62, '23.77871', '88.62657', 1),
(330, 'Gangni Police Station', 'Khulna', 'Meherpur', 'Gangni', 'Gangni Municipality', 4, 62, '23.8102', '88.75793', 1),
(331, 'Mujibnagar police station', 'Khulna', 'Meherpur', 'Mujibanagar', 'Bagoyana Union Council No. 3', 4, 62, '23.6554', '88.59913', 1),
(332, 'Osmaninagar police station', '  Sylhet', '  Sylhet', 'Osmaninagar', '5 no goyalbazar', 7, 54, '24.71456', '91.745033', 1),
(333, 'Balagonj police station', '  Sylhet', '  Sylhet', 'Balagonj', '5 no balagonj', 7, 54, '24.654281', '91.825422', 1),
(334, 'fenchugonj police station', '  Sylhet', '  Sylhet', 'Fenchugonj', '1 no Fenchugonj', 7, 54, '24.70067', '91.945902', 1),
(335, 'Bishwanath police station', '  Sylhet', '  Sylhet', 'Bishwanath', '6 no Bishwanath sadar', 7, 54, '24.823004', '91.734416', 1),
(336, 'Golapganj Model  police station', '  Sylhet', '  Sylhet', 'Golapgonj', ' 02 no Golapgonj', 7, 54, '24.856937', '92.01271', 1),
(337, 'beanibazar police station', '  Sylhet', '  Sylhet', 'Beanibazar', ' municipality', 7, 54, '24.825393', '92.159283', 1),
(338, 'Zakiganj police station', '  Sylhet', '  Sylhet', 'Zakigonj', 'No. 6 Beanibazar (Municipality)', 7, 54, NULL, NULL, 1),
(339, ' Gowainghat police station', '  Sylhet', '  Sylhet', 'Gowainghat', 'No. 5 zakigonj', 7, 54, '25.093138', '91.982908', 1),
(340, 'Companigonj police station', '  Sylhet', '  Sylhet', 'Companigonj', 'No. 02 West Jaflong', 7, 54, '25.088732', '91.759299', 1),
(341, 'Kanaighat Police Station', '  Sylhet', '  Sylhet', 'Kanaighat', 'No. 1 West Islampur', 7, 54, '25.008918', '92.256296', 1),
(342, 'Jaintiapur Model police station', '  Sylhet', '  Sylhet', 'Jaintiapur', 'No. 6 kanaighat (Municipality)', 7, 54, '25.135994', '92.12265', 1),
(343, 'Moulabhibazar Model  police station', '  Sylhet', 'Moulabhibazar', 'Sadar', 'Moulabhibazar municipality', 0, 52, '24.479167', '91.765732', 1),
(344, 'City outpost(old police station)', '  Sylhet', 'Moulabhibazar', 'Sadar', 'Moulabhibazar municipality', 0, 52, '24.490197', '91.769112', 1),
(345, 'Sreemongol police station', '  Sylhet', 'Moulabhibazar', 'Srimangal', 'Sreemongol municipality', 0, 52, '24.308007', '91.732415', 1),
(346, 'kamalgonj police station', '  Sylhet', 'Moulabhibazar', 'Kamalgonj', 'Kamalgonj Municipality', 0, 52, '24.350302', '91.846777', 1),
(347, 'Rajnagar Police Station (new)', '  Sylhet', 'Moulabhibazar', 'Rajnagar', 'Rajnagar', 0, 52, '24.518082', '91.859019', 1),
(348, 'Rajnagar police station (old)', '  Sylhet', 'Moulabhibazar', 'Rajnagar', 'Rajnagar', 0, 52, '24.527976', '91.853841', 1),
(349, ' kulaura police station', '  Sylhet', 'Moulabhibazar', 'Kulaura', 'Kulaura Municipality', 0, 52, '24.523662', '92.034549', 1),
(350, 'Juri police station', '  Sylhet', 'Moulabhibazar', 'Juri', 'West juri', 0, 52, '24.603833', '92.124297', 1),
(351, 'Sadar model police station', '  Sylhet', 'Habigonj', 'Habigonj sadar', 'Habigonj Municipality', 0, 51, '24.361861111111', '89.420891666667', 1),
(352, ' Chunarughat police station', '  Sylhet', 'Habigonj', 'Chunarughat', 'Chunarughat Municipality', 0, 51, '24.197519444444', '91.441080555556', 1),
(353, ' Madhabpur police station', '  Sylhet', 'Habigonj', 'Madhabpur', 'Madhabpur Municipality', 0, 51, '24.095186111111', '91.292183333333', 1),
(354, 'Bahubal police station', '  Sylhet', 'Habigonj', 'Bahubal', '4 no Bahubal sadar', 0, 51, '24.5735', NULL, 1),
(355, 'Police station nabigonj', '  Sylhet', 'Habigonj', 'Nabigonj', 'Nabigonj Municipality', 0, 51, '24.560166666667', '91.234991666667', 1),
(356, 'Police station Baniachang', '  Sylhet', 'Habigonj', 'Baniachang', 'Baniachang No. 01  north-east', 0, 51, '24.524780555555', '91.369038888889', 1),
(357, 'Police station  Ajmirigonj', '  Sylhet', 'Habigonj', 'Ajmirigonj', 'Ajmirigonj Municipality', 0, 51, '24.560105555555', '91.234991666667', 1),
(358, 'Ajmirigonj police station sibpasa outpost', '  Sylhet', 'Habigonj', 'Ajmirigonj', 'No. 05 sibpasa', 0, 51, '24.325880555555', '91.189611111111', 1),
(359, 'Ajmirigonj police station kakailacheo naval outpost', '  Sylhet', 'Habigonj', 'Ajmirigonj', 'No. 04 kakailacheo', 0, 51, '24.325325', '91.189330555556', 1),
(360, 'Sunamgonj Model  police station', '  Sylhet', 'Sunamgonj', 'Sunamgonj sadar', 'Sunamgonj municipality', 0, 53, '25.073956', '91.394862', 1),
(361, 'Jagannathpur police station', '  Sylhet', 'Sunamgonj', 'Jagannathpur', 'Jagannathpur Municipality', 0, 53, '24.768911', '91.54705', 1),
(362, 'South Sunamgonj police station', '  Sylhet', 'Sunamgonj', 'South sunamgonj', 'Joykalas', 0, 53, '24.938924', '91.411855', 1),
(363, 'Doyarabazar police station', '  Sylhet', 'Sunamgonj', 'Doyarbazar', 'Doyarabazar sadar ', 0, 53, '25.049542', '91.558578', 1),
(364, 'Bishwamvarpur police station', '  Sylhet', 'Sunamgonj', 'Bishwamvarpur', 'Palash', 0, 53, '25.099106', '91.30151', 1),
(365, 'Maddhanagar police station', '  Sylhet', 'Sunamgonj', 'Dharmapasha', 'Maddhanagar', 0, 53, '25.050455', '91.9938454', 1),
(366, 'Dharmapasha police station', '  Sylhet', 'Sunamgonj', 'Dharmapasha', 'Dharmapasha', 0, 53, '24.896077', '90.011506', 1),
(367, 'Tahirpur police station', '  Sylhet', 'Sunamgonj', 'Tahirpur', 'Tahirpur sadar', 0, 53, '25.099662', '91.178856', 1),
(368, 'Shalla police station', '  Sylhet', 'Sunamgonj', 'Shalla', 'No. 3 bahara', 0, 53, '24.670152', '91.178856', 1),
(369, 'Chattak police station', '  Sylhet', 'Sunamgonj', 'Chattak', 'Chattak Municipality', 0, 53, '25.038453', '91.178856', 1),
(370, 'Derai police station', '  Sylhet', 'Sunamgonj', 'Derai', 'Derai Municipality', 0, 53, '24.79008', '91.178856', 1),
(371, 'Jamalgonj police station', '  Sylhet', 'Sunamgonj', 'Jamalgonj', 'Jamalgonj sadar', 0, 53, '25.00088', '91.236528', 1),
(372, 'Bakerganj police station', 'Barishal', 'Barisal', 'Bakergonj', 'Bakergonj Municipality', 1, 35, '22.541513', '90.337931', 1),
(373, 'Babugonj police station', 'Barishal', 'Barisal', 'Babugonj', 'Rahmatpur', 1, 35, '22.820305', '90.325403', 1),
(374, 'Wazirpur police station', 'Barishal', 'Barisal', 'Wazirpur', 'Wazirpur Municipality', 1, 35, '22.819232', '90.241797', 1),
(375, 'Gaurnadi police station', 'Barishal', 'Barisal', 'Gaurnadi', 'Gaurnadi Municipality', 1, 35, '22.973997', '90.231046', 1),
(376, 'Agailjhara police station', 'Barishal', 'Barisal', 'Agailjhara', 'Gaila UP', 1, 35, '22.968392', '90.15419', 1),
(377, 'Hizla police station', 'Barishal', 'Barisal', 'Hizla', 'UP barajaliya Ward no 02', 1, 35, '22.911175', '90.499162', 1),
(378, 'Muladi Police Station', 'Barishal', 'Barisal', 'Muladi', 'Muladi municipality', 1, 35, '22.908958', '90.40729', 1),
(379, 'kazirhat police station', 'Barishal', 'Barisal', 'Mehendigonj', 'UP No. 5 Ward Lata', 1, 35, '22.862507', '90.430565', 1),
(380, 'Patuakhali Sadar police station', 'Barishal', 'Patuakhali', 'Patuakhali', 'Patuakhali municipality', 1, 38, '22.363533333333', '90.340227777778', 1),
(381, 'Bauphal police station', 'Barishal', 'Patuakhali', 'Bauphal', 'Bauphal Municipality', 1, 38, '22.416747222222', '90.562738888889', 1),
(382, 'Dashmina police station', 'Barishal', 'Patuakhali', 'Dashmina', 'Ward no 01', 1, 38, '22.283913888889', '90.562738888889', 1),
(383, 'Mirzagonj police station', 'Barishal', 'Patuakhali', 'Mirzagonj', 'Ward no 02', 1, 38, '22.363061111111', '90.230808333333', 1),
(384, 'Galachipa police station', 'Barishal', 'Patuakhali', 'Galachipa', 'Galachipa Municipality', 1, 38, NULL, NULL, 1),
(385, 'Rangabali police station', 'Barishal', 'Patuakhali', 'Rangabali', 'Rangabali Union', 1, 38, NULL, NULL, 1),
(386, 'Charmontaj Police police station', 'Barishal', 'Patuakhali', 'Rangabali', 'Charmontaj', 1, 38, '21.902288888889', '90.523063888889', 1),
(387, 'Kalapara police station', 'Barishal', 'Patuakhali', 'Kalapara', 'Kalapara Municipality', 1, 38, '21.982872222222', '90.224641666667', 1),
(388, 'Mahipur police station', 'Barishal', 'Patuakhali', 'Kalapara', 'Mahipur', 1, 38, '21.8514318', '90.1229503', 1),
(389, 'Bhola Sadar Model police station', 'Barishal', 'Bhola', 'Bhola sadar', 'Bhola Municipality', 1, 36, '22.687909', '90.645378', 1),
(390, 'Daulatkhan Police station Bhola', 'Barishal', 'Bhola', 'Daulatkhan', NULL, 1, 36, '22.606162', '90.74678', 1),
(391, 'Tazumoddin Police station Bhola', 'Barishal', 'Bhola', 'Tazumuddin', '03 no Chandpur', 1, 36, '22.415117', '90.852112', 1),
(392, 'Burhanuddin police station Bhola', 'Barishal', 'Bhola', 'Burhanuddin', 'Kutba', 1, 36, NULL, NULL, 1),
(393, 'Lalmohon Police station Bhola', 'Barishal', 'Bhola', 'Lalmohon', 'Lalmohon Municipality', 1, 36, '22.340953', '90.73848', 1),
(394, 'Monpura Police station Bhola', 'Barishal', 'Bhola', 'Monpura', 'Hajipur', 1, 36, NULL, '90.96560336', 1),
(395, 'Sasibhusan Police station Bhola', 'Barishal', 'Bhola', 'Charfashion', 'Rasulpur', 1, 36, NULL, NULL, 1),
(396, 'South Aicha Police station Bhola', 'Barishal', 'Bhola', 'Charfashion', 'Char Manika', 1, 36, '22.026077', '90.678699', 1),
(397, 'Nesarabad police station', 'Barishal', 'Pirojpur', 'Nesarabad', 'Nesarabad Sadar', 1, 39, NULL, NULL, 1),
(398, 'Nazirpur police station', 'Barishal', 'Pirojpur', 'Nazirpur', 'Nazirpur sadar', 1, 39, '22.70868', '89.972686', 1),
(399, 'Pirojpur police station', 'Barishal', 'Pirojpur', 'Pirojpur', 'Pirojpur municipality', 1, 39, NULL, NULL, 1),
(400, 'Pirojpur city police outpost sadar police station', 'Barishal', 'Pirojpur', 'Pirojpur', 'Pirojpur municipality', 1, 39, NULL, NULL, 1),
(401, 'Kawkhali police station', 'Barishal', 'Pirojpur', 'Kawkhali', 'Kawkhali sadar', 1, 39, NULL, NULL, 1);
INSERT INTO `thanas` (`id`, `name`, `division_name`, `district_name`, `upazila_name`, `union_name`, `division_id`, `district_id`, `latitude`, `longitude`, `status`) VALUES
(402, 'Indurkani police station', 'Barishal', 'Pirojpur', 'Indurkani', 'Indurkani sadar', 1, 39, '22.486563', '89.966292', 1),
(403, 'Parerhat marine police station outpost Indurkani', 'Barishal', 'Pirojpur', 'Indurkani', 'Parerhat', 1, 39, '22.507502', '89.99383', 1),
(404, 'Bhandaria police station', 'Barishal', 'Pirojpur', 'Bhandaria', 'Bhandaria Municipality', 1, 39, '22.487', '90.057', 1),
(405, 'Mathbaria police station', 'Barishal', 'Pirojpur', 'Mathbaria', 'Mathbaria Municipality', 1, 39, NULL, NULL, 1),
(406, 'Sadar police station', 'Barishal', 'Barguna', 'Barguna', 'Barguna Municipality', 1, 34, NULL, NULL, 1),
(407, 'Amtali police station ', 'Barishal', 'Barguna', 'Amtali ', 'Amtoli Municipality', 1, 34, NULL, NULL, 1),
(408, 'Taltali police station ', 'Barishal', 'Barguna', 'Taltali ', 'No. 05 Barabagi Union', 1, 34, NULL, NULL, 1),
(409, 'Patharghata Police Station', 'Barishal', 'Barguna', 'Patharghata', 'Patharghata Municipality', 1, 34, NULL, NULL, 1),
(410, 'Bamna police station', 'Barishal', 'Barguna', 'Bamna', 'No. 02 Bamna Union', 1, 34, NULL, NULL, 1),
(411, 'Betagi police station', 'Barishal', 'Barguna', 'Betagi', 'Betagi Municipality', 1, 34, NULL, NULL, 1),
(412, 'Sadar police station', 'Barishal', 'Jhalokati', 'Jhalokati sadar', '05 Ward (Municipality)', 1, 37, '22.63877', '90.197753', 1),
(413, 'Nalchity police station', 'Barishal', 'Jhalokati', 'Nalchity upazila', 'Nalchity Municipality', 1, 37, '22.634597', '90.268192', 1),
(414, 'Rajapur police station', 'Barishal', 'Jhalokati', 'Rajapur upazila', 'Rajapur Municipality', 1, 37, '22.570459', '90.141832', 1),
(415, 'Kathalia police station', 'Barishal', 'Jhalokati', 'Kathalia upazila', 'No. 4 Kathalia Municipality', 1, 37, '22.710209', '90.358441', 1),
(416, 'Kotwali Police Station', 'Rangpur', 'Rangpur Metro', 'Rangpur sadar', 'Rangpur City Corporation', 6, 66, '25.74925', '89.246683', 1),
(417, 'Kaunia police station', 'Rangpur', 'Rangpur', 'Kaunia', 'No. 5 Balapara UP', 6, 32, '25.7698231', '89.408737', 1),
(418, 'Badargonj police station', 'Rangpur', 'Rangpur', 'Badargonj', 'Badargonj Municipality', 6, 32, '25.675535', '89.055715', 1),
(419, 'Gangachara Model police station', 'Rangpur', 'Rangpur', 'Gangachara', 'Gangachara up', 6, 32, '25.51102834', '89.13602292', 1),
(420, 'Pirgonj police station', 'Rangpur', 'Rangpur', 'Pirgonj', 'Pirgonj', 6, 32, '25.417311', '89.303856', 1),
(421, 'Pirgachha police station', 'Rangpur', 'Rangpur', 'Pirgachha', 'Pirgachha', 6, 32, '25.6591141', '89.409381', 1),
(422, 'Taragonj police station', 'Rangpur', 'Rangpur', 'Taragonj', 'No. 2 kursa UP', 6, 32, '25.817907', '89.011355', 1),
(423, 'Rajibpur police station', 'Rangpur', 'Kurigram ', 'Rajibapur police station', 'Rajibapur police station', 6, 28, '25.441813888889', '89.793519444444', 1),
(424, 'Kachkata police station', 'Rangpur', 'Kurigram ', 'Nageshwari police station', 'Ballabher Khash', 6, 28, NULL, NULL, 1),
(425, 'Dhusmara police station', 'Rangpur', 'Kurigram ', 'Cilmari police station', 'Austami Char', 6, 28, NULL, NULL, 1),
(426, 'Nageshwari police station', 'Rangpur', 'Kurigram ', 'Nageshwari police station', 'Nageshwari', 6, 28, '25.964312', '89.689427', 1),
(427, 'Raumari police station', 'Rangpur', 'Kurigram ', 'Raumari police station', 'Raumari', 6, 28, NULL, NULL, 1),
(428, 'Ulipur police station', 'Rangpur', 'Kurigram ', 'Ulipur police station', 'Ulipur Municipality', 6, 28, NULL, NULL, 1),
(429, 'Rajarhat police station', 'Rangpur', 'Kurigram ', 'Rajarhat police station', 'Cakirpasa', 6, 28, NULL, NULL, 1),
(430, 'Bhurungamari police station', 'Rangpur', 'Kurigram ', 'Bhurungamari police station', 'Bhurungamari', 6, 28, '26.109573', '89.671267', 1),
(431, 'Kurigram police station', 'Rangpur', 'Kurigram ', 'Kurigram police station', 'Kurigram', 6, 28, NULL, NULL, 1),
(432, 'Fulbari Police Station', 'Rangpur', 'Kurigram ', 'Fulbari police station', 'Fulbari', 6, 28, NULL, NULL, 1),
(433, 'Cilmari police station', 'Rangpur', 'Kurigram ', 'Cilmari police station', '03 no Thanahat', 6, 28, '25.5888139', '89.662572', 1),
(434, 'Kotwali Police Station', 'Rangpur', 'Dinajpur ', 'Sadar Upazila', 'Dinajpur Municipality', 6, 26, NULL, NULL, 1),
(435, 'Chirirbandar Police station', 'Rangpur', 'Dinajpur ', 'Chirirbandar', 'Chirirbandar', 6, 26, NULL, NULL, 1),
(436, 'Parbatipur police station', 'Rangpur', 'Dinajpur ', 'Parbatipur', 'Parbatipur Municipality', 6, 26, NULL, NULL, 1),
(437, 'Birgonj Police Station', 'Rangpur', 'Dinajpur ', 'Birgonj', 'Birgonj Municipality', 6, 26, NULL, NULL, 1),
(438, 'Bochagonj police station', 'Rangpur', 'Dinajpur ', 'Bochagonj', 'Setabgonj Municipality', 6, 26, NULL, NULL, 1),
(439, 'Kaharole police station', 'Rangpur', 'Dinajpur ', 'Kaharole', 'Kaharole UP', 6, 26, NULL, NULL, 1),
(440, 'Khansama police station', 'Rangpur', 'Dinajpur ', 'Khansama', 'Khansama Up', 6, 26, NULL, NULL, 1),
(441, 'Fulbari Police Station', 'Rangpur', 'Dinajpur ', 'Fulbari police station', 'Fulbari Municipality', 6, 26, NULL, NULL, 1),
(442, 'Biram police station', 'Rangpur', 'Dinajpur ', 'Birampur', 'Birampur Municipality', 6, 26, NULL, NULL, 1),
(443, 'Nawabgonj police station', 'Rangpur', 'Dinajpur ', 'Nawabgonj', 'Nawabgonj UP', 6, 26, NULL, NULL, 1),
(444, 'Hakimpur police station', 'Rangpur', 'Dinajpur ', 'Hakimpur', 'Hakimpur Municipality', 6, 26, NULL, NULL, 1),
(445, 'Ghoraghat police station', 'Rangpur', 'Dinajpur ', 'Ghoraghat', 'Ghoraghat Municipality', 6, 26, NULL, NULL, 1),
(446, 'Panchagar police station', 'Rangpur', 'Panchagar ', 'Panchagar', 'Panchagar Municipality', 6, 31, '31.977148', '81.224591', 1),
(447, 'Boda police station', 'Rangpur', 'Panchagar ', 'Boda', 'Boda Municipality', 6, 31, '26.194586', '88.556729', 1),
(448, 'Debigonj police station', 'Rangpur', 'Panchagar ', 'Debigonj', '03 no Debigonj', 6, 31, '26.118784', '88.755838', 1),
(449, 'Tetulia Model police station', 'Rangpur', 'Panchagar ', 'Tatulia', '03 no Tatulia up', 6, 31, '31.977144', '81.224593', 1),
(450, 'Atwari police station', 'Rangpur', 'Panchagar ', 'Atwari', 'No. 4 Radhanagar UP', 6, 31, '26.231533', '88.409678', 1),
(451, 'Lalmonirhat Sadar police station', 'Rangpur', 'Lalmonirhat district', 'Sadar', 'Lalmonirhat municipality', 6, 29, '25.916026', '89.44871', 1),
(452, 'Aditmari police station', 'Rangpur', 'Lalmonirhat', 'Aditmari', 'Bhadai', 6, 29, '25.924238', '89.345837', 1),
(453, 'Kaligonj police station', 'Rangpur', 'Lalmonirhat', 'Kaligonj', 'Tushbhandar', 6, 29, '25.968794', '89.205012', 1),
(454, 'Hatibandha police station', 'Rangpur', 'Lalmonirhat', 'Hatibandha', 'Tongbhanga', 6, 29, NULL, NULL, 1),
(455, 'Patgram police station', 'Rangpur', 'Lalmonirhat', 'Patgram', 'Patgram Municipality', 6, 29, NULL, NULL, 1),
(456, 'Sadar police station ', 'Rangpur', 'Nilphamari', 'Nilphamari', 'Nilphamari Municipality', 6, 30, '25.931018', '88.857104', 1),
(457, 'Syedpur police station', 'Rangpur', 'Nilphamari', 'Syedpur', 'Syedpur Municipality', 6, 30, '25.784743', '88.895136', 1),
(458, 'Domar police station', 'Rangpur', 'Nilphamari', 'Domar', 'Domar Municipality', 6, 30, '26.107836', '88.817898', 1),
(459, 'Dimla police station', 'Rangpur', 'Nilphamari', 'Dimla', 'Dimla Municipality', 6, 30, '26.153892', '88.921281', 1),
(460, 'Kishoregonj police station', 'Rangpur', 'Nilphamari', 'Kishoregonj ', 'Kesba Union', 6, 30, '25.898873', '89.02022', 1),
(461, 'Jaldhaka  police station', 'Rangpur', 'Nilphamari', 'Jaldhaka', 'Jaldhaka municipality', 6, 30, '26.022209', '89.016431', 1),
(462, 'Thakurgaon police station', 'Rangpur', 'Thakurgaon district', 'Thakurgaon Sadar', 'Sadar Municipality', 6, 33, '26.034676', '88.46169', 1),
(463, 'Baliadangi police station', 'Rangpur', 'Thakurgaon district', 'Baliadangi', 'Baliadangi', 6, 33, '25.791301', '88.24236', 1),
(464, 'Rani Sankail police station', 'Rangpur', 'Thakurgaon district', 'Rani Sankail ', 'Rani Sankail Municipality', 6, 33, '25.901402', '88.252462', 1),
(465, 'Pirgonj police station', 'Rangpur', 'Thakurgaon district', 'Pirgonj', 'Pirgonj Municipality', 6, 33, '25.859428', '88.36142', 1),
(466, 'Haripur Police Station', 'Rangpur', 'Thakurgaon district', 'Haripur', 'Haripur', 6, 33, '25.911503', '88.25354', 1),
(467, 'Ruhea police station', 'Rangpur', 'Thakurgaon district', 'Thakurgaon Sadar', 'Ruhea', 6, 33, '26.177163', '88.399143', 1),
(468, 'Gaibandha police Station', 'Rangpur', 'Gaibandha district', 'Sadar', 'Municipality', 6, 27, NULL, NULL, 1),
(469, 'Sundargonj police station', 'Rangpur', 'Gaibandha district', 'Sundargonj', 'Municipality', 6, 27, NULL, NULL, 1),
(470, 'Sadullahpur police station', 'Rangpur', 'Gaibandha district', 'Sadullahpur', 'Banagram UP', 6, 27, NULL, NULL, 1),
(471, 'Palashbari police station', 'Rangpur', 'Gaibandha district', 'Palashbari', 'Palashbari', 6, 27, NULL, NULL, 1),
(472, 'Gobindagonj police station', 'Rangpur', 'Gaibandha district', 'Gobindagonj', 'Municipality', 6, 27, NULL, NULL, 1),
(473, 'Saghata police station', 'Rangpur', 'Gaibandha district', 'Saghata', 'Saghata', 6, 27, NULL, NULL, 1),
(474, 'Fulchhari police station', 'Rangpur', 'Gaibandha district', 'Fulchhari', 'Gazaria UP', 6, 27, NULL, NULL, 1),
(475, 'Kotwali Police Station', 'Mymensing', 'Mymensing', 'Sadar', 'Mymensing Municipality', 0, 10, '24.757572', '90.4124855', 1),
(476, 'Muktagachha police station', 'Mymensing', 'Mymensing', 'Muktagachha', 'Muktagachha Municipality', 0, 10, '24.764319', '90.257022/', 1),
(477, 'Fulbaria Police Station', 'Mymensing', 'Mymensing', 'Fulbari police station', 'Fulbaria municipality', 0, 10, '24.633474', '90.27118', 1),
(478, 'Trishal Police Station', 'Mymensing', 'Mymensing', 'Trishal', 'Trishal Municipality', 0, 10, '24.5816', '90.3936', 1),
(479, 'Pagla police station', 'Mymensing', 'Mymensing', 'Gaffargaon', 'Datterabazar UP', 0, 10, '24.329781', '90.582905', 1),
(480, 'Bhaluka Police Station', 'Mymensing', 'Mymensing', 'Bhaluka', 'Bhaluka municipality', 0, 10, '24.400451', '90.384899\'', 1),
(481, 'Gaffargaon police station', 'Mymensing', 'Mymensing', 'Gaffargaon', 'Gaffargaon municipality', 0, 10, '24.451974', '90.554333', 1),
(482, 'Gauripur police station', 'Mymensing', 'Mymensing', 'Gauripur', 'Gauripur Municipality', 0, 10, '24.752123', '90.572965', 1),
(483, 'Iswargonj police station', 'Mymensing', 'Mymensing', 'Iswargonj', 'Iswargonj Municipality', 0, 10, '24.684308', '90.592617', 1),
(484, 'Nandail police station', 'Mymensing', 'Mymensing', 'Nandail', 'Nandail Municipality', 0, 10, '24.641837', '90.691525', 1),
(485, 'Fulpur police station', 'Mymensing', 'Mymensing', 'Fulpur', 'Fulpur municipality', 0, 10, '24.95', '90.35', 1),
(486, 'Haluaghat police station', 'Mymensing', 'Mymensing', 'Haluaghat', 'Haluaghat up', 0, 10, '31.977144', '81.224593', 1),
(487, 'Dhobaura police station', 'Mymensing', 'Mymensing', 'Dhobaura', 'Dhobaura up', 0, 10, '25.089963', '81.224593', 1),
(488, 'Tarakanda police station', 'Mymensing', 'Mymensing', 'Tarakanda', 'Tarakanda up', 0, 10, '2486248', '90.42597', 1),
(489, 'Netrakona Model Police Station, Netrokona', 'Mymensing', 'Netrokona', 'Netrokona sadar', 'Netrokona municipality', 0, 13, '24.872375', '90.728353', 1),
(490, 'Purbadhala police station, Netrokona', 'Mymensing', 'Netrokona', 'Purbadhala', 'Purbadhala Union', 0, 13, '24.93786', '90.605015', 1),
(491, 'Durgapur police station, Netrokona', 'Mymensing', 'Netrokona', 'Durgapur', 'Durgapur Municipality', 0, 13, '25.154438', '90.658537', 1),
(492, 'Kendua police station, Netrokona', 'Mymensing', 'Netrokona', 'Kendua', 'Kendua Municipality', 0, 13, '24.663882', '90.843539', 1),
(493, 'Barhatta police station, Netrokona', 'Mymensing', 'Netrokona', 'Barhatta', 'Barhatta Union', 0, 13, '24.89675', '90.88188', 1),
(494, 'Atpara police station, Netrokona', 'Mymensing', 'Netrokona', 'Atpara', 'Baniyajan Union', 0, 13, '24.812576', '90.857404', 1),
(495, 'Kalmakanda police station, Netrokona', 'Mymensing', 'Netrokona', 'Kalmakanda', 'Kalmakanda Union', 0, 13, '25.076698', '90.886753', 1),
(496, 'Madan police station, Netrakona', 'Mymensing', 'Netrokona', 'Madan', 'Madan Municipality', 0, 13, '24.718063', '90.961127', 1),
(497, 'Mohangonj police station, Netrokona', 'Mymensing', 'Netrokona', 'Mohangonj', 'Mohangonj Municipality', 0, 13, '24.874471', '90.981361', 1),
(498, 'Khaliajuri police station, Netrokona', 'Mymensing', 'Netrokona', 'Khaliajuri', 'Khaliajuri Union', 0, 13, NULL, NULL, 1),
(499, 'Sadar police station ', 'Mymensing', 'Sherpur ', 'Sherpur sadar', 'Sherpur municipality', 0, 16, '25.012472', '90.018348', 1),
(500, 'Nakla police station', 'Mymensing', 'Sherpur ', 'Nakla', 'Nakla Municipality', 0, 16, '24.969092', '90.18011', 1),
(501, 'Nalitabari police station', 'Mymensing', 'Sherpur ', 'Nalitabari police station', 'Nalitabari Municipality', 0, 16, '25.08581', '90.1937', 1),
(502, 'Sreebordi police station', 'Mymensing', 'Sherpur ', 'Sreebordi', 'Sreebordi Municipality', 0, 16, '25.150312', '89.93698', 1),
(503, 'Jhinaigati police station', 'Mymensing', 'Sherpur ', 'Jhinaigati', 'Jhinaigati UP', 0, 16, '25.17254', '90.25601', 1),
(504, 'Jamalpur police station', 'Mymensing', 'Jamalpur ', NULL, 'Jamalpur Municipality', 0, 0, '24.938609', '89.936139', 1),
(505, 'Sarishabari police station', 'Mymensing', 'Jamalpur ', 'Sarishabari police station', 'Sarishabari Municipality', 0, 0, '24.77028', '89.84284', 1),
(506, 'Melandah police station', 'Mymensing', 'Jamalpur ', 'Melandah', 'Melandah Municipality', 0, 0, '24.97974', '89.829907', 1),
(507, 'Islampur police station', 'Mymensing', 'Jamalpur ', 'Islampur', 'Islampur municipality', 0, 0, '25.078732', '89.794236', 1),
(508, 'Dewangonj police station', 'Mymensing', 'Jamalpur ', 'Dewangonj', 'Dewangonj Municipality', 0, 0, '25.16404', '89.765062', 1),
(509, 'Madargonj police station', 'Mymensing', 'Jamalpur ', 'Dewangonj', 'Madargonj Municipality', 0, 0, '24.912683', '89.726287', 1),
(510, 'Ramna Model Police Station', 'Dhaka', 'Dhaka Metro', NULL, NULL, 3, 65, '23.745314', '90.404587', 1),
(511, 'Shahbag police station', 'Dhaka', 'Dhaka Metro', NULL, NULL, 3, 65, '23.737078', '90.396108', 1),
(512, 'Dhanmondi Police Station', 'Dhaka', 'Dhaka Metro', NULL, NULL, 3, 65, '23.743615', '90.38158', 1),
(513, 'kalabagan police station', 'Dhaka', 'Dhaka Metro', NULL, NULL, 3, 65, '23.7435593', '90.388383', 1),
(514, 'New Market Police Station', 'Dhaka', 'Dhaka Metro', NULL, NULL, 3, 65, '23.733275', '90.387002', 1),
(515, 'Hazaribagh Police Station', 'Dhaka', 'Dhaka Metro', NULL, NULL, 3, 65, '23.734741', '90.365365', 1),
(516, 'Lalbagh Police Station', 'Dhaka', 'Dhaka Metro', NULL, NULL, 3, 65, '23.716306', '90.384426', 1),
(517, 'Chakbazar police station', 'Dhaka', 'Dhaka Metro', NULL, NULL, 3, 65, '23.717189', '90.395703', 1),
(518, 'Kotwali Police Station', 'Dhaka', 'Dhaka Metro', NULL, NULL, 3, 65, '23.707445', '90.409153', 1),
(519, 'Kamrangirchar police station', 'Dhaka', 'Dhaka Metro', NULL, NULL, 3, 65, '23.709974', '90.367697', 1),
(520, 'Bangshal police station', 'Dhaka', 'Dhaka Metro', NULL, NULL, 3, 65, '23.714037', '90410168', 1),
(521, 'Motijheel police station', 'Dhaka', 'Dhaka Metro', NULL, NULL, 3, 65, '23.730022', '90.416887', 1),
(522, 'Paltan Model Police Station', 'Dhaka', 'Dhaka Metro', NULL, NULL, 3, 65, '23.73695', '90.416117', 1),
(523, 'Sabujbagh police station', 'Dhaka', 'Dhaka Metro', NULL, NULL, 3, 65, '23.740706', '90.428095', 1),
(524, 'Mugda police station', 'Dhaka', 'Dhaka Metro', NULL, NULL, 3, 65, '23.728885', '90.433252', 1),
(525, 'Shahjahanpur Police Station', 'Dhaka', 'Dhaka Metro', NULL, NULL, 3, 65, '23.739057', '90.425468', 1),
(526, 'Khilgaon police station', 'Dhaka', 'Dhaka Metro', NULL, NULL, 3, 65, '23.750882', '90.425302', 1),
(527, 'Rampura Police Station', 'Dhaka', 'Dhaka Metro', NULL, NULL, 3, 65, '23.76123', '90.443417', 1),
(528, 'Wari Police Station', 'Dhaka', 'Dhaka Metro', NULL, NULL, 3, 65, '23.715053', '90.418867', 1),
(529, 'Demra police station', 'Dhaka', 'Dhaka Metro', NULL, NULL, 3, 65, '23.725018', '90494878', 1),
(530, 'Jatrabari police station', 'Dhaka', 'Dhaka Metro', NULL, NULL, 3, 65, '23.710402', '90.43533', 1),
(531, 'Shampur police station', 'Dhaka', 'Dhaka Metro', NULL, NULL, 3, 65, '23.691885', '90.431377', 1),
(532, 'Gandaria  police station', 'Dhaka', 'Dhaka Metro', NULL, NULL, 3, 65, '23.699519', '90.421374', 1),
(533, 'Sutrapur police station', 'Dhaka', 'Dhaka Metro', NULL, NULL, 3, 65, '23.702347', '90.418154', 1),
(534, 'Kadamtali police station', 'Dhaka', 'Dhaka Metro', NULL, NULL, 3, 65, '23.697138', '90.458373', 1),
(535, 'Tejgaon police station', 'Dhaka', 'Dhaka Metro', NULL, NULL, 3, 65, '23.760916', '90.389552', 1),
(536, 'Serebanlanagar police station', 'Dhaka', 'Dhaka Metro', NULL, NULL, 3, 65, '23.77639', '90.377019', 1),
(537, 'Tejgaon Industrial Police Station', 'Dhaka', 'Dhaka Metro', NULL, NULL, 3, 65, '23.765261', '90.400535', 1),
(538, 'Mohammadpur Police Station', 'Dhaka', 'Dhaka Metro', NULL, NULL, 3, 65, '23.755289', '90.363897', 1),
(539, 'Adabar police station', 'Dhaka', 'Dhaka Metro', NULL, NULL, 3, 65, '23.770806', '90.3559728', 1),
(540, 'Mirpur Model Police Station', 'Dhaka', 'Dhaka Metro', NULL, NULL, 3, 65, '23.804637', '90.362931', 1),
(541, 'Rupnagar Police Station', 'Dhaka', 'Dhaka Metro', NULL, NULL, 3, 65, '23.417046', '90.360145', 1),
(542, 'Pallabi police station', 'Dhaka', 'Dhaka Metro', NULL, NULL, 3, 65, '23.826085', '90.366194', 1),
(543, 'kafrul police station', 'Dhaka', 'Dhaka Metro', NULL, NULL, 3, 65, '23.801118', '90.381325', 1),
(544, 'Bhashantek police station', 'Dhaka', 'Dhaka Metro', NULL, NULL, 3, 65, '23.80673', '90.387937', 1),
(545, 'Sahaali police station', 'Dhaka', 'Dhaka Metro', NULL, NULL, 3, 65, '23.805452', '90.348817', 1),
(546, 'Darus Salam Police Station', 'Dhaka', 'Dhaka Metro', NULL, NULL, 3, 65, '23.792335', '90343022', 1),
(547, 'Gulshan Police Station', 'Dhaka', 'Dhaka Metro', NULL, NULL, 3, 65, '23.791175', '90.41561', 1),
(548, 'Banani Police Station', 'Dhaka', 'Dhaka Metro', NULL, NULL, 3, 65, '23.79992', '90.40197', 1),
(549, 'Badda Police Station', 'Dhaka', 'Dhaka Metro', NULL, NULL, 3, 65, '23.771132', '90.42737', 1),
(550, 'Bhatara police station', 'Dhaka', 'Dhaka Metro', NULL, NULL, 3, 65, '23.79761', '90.42422', 1),
(551, 'Cantonment Police Station', 'Dhaka', 'Dhaka Metro', NULL, NULL, 3, 65, '23.824459', '90.405552', 1),
(552, 'Khilkhet police station', 'Dhaka', 'Dhaka Metro', NULL, NULL, 3, 65, '23.827928', '90.419845', 1),
(553, 'Uttara Model Police Station-East', 'Dhaka', 'Dhaka Metro', NULL, NULL, 3, 65, '23.866972', '90.40037', 1),
(554, 'Airport Police Station', 'Dhaka', 'Dhaka Metro', NULL, NULL, 3, 65, '23.855749', '90.399008', 1),
(555, 'Turag police station', 'Dhaka', 'Dhaka Metro', NULL, NULL, 3, 65, '23.889142', '90.371003', 1),
(556, 'Uttarakhana police station', 'Dhaka', 'Dhaka Metro', NULL, NULL, 3, 65, '23.87062', '90.432472', 1),
(557, 'Daksinkhana police station', 'Dhaka', 'Dhaka Metro', NULL, NULL, 3, 65, '23.859682', '90.426995', 1),
(558, 'Double Mooring Police station', 'Chittagong', 'Chittagong ', 'Double Mooring', 'No. 24 North Agrabad', 2, 43, '22.338136111111', '91.811544444444', 1),
(559, 'Halishahor Police Station', 'Chittagong', 'Chittagong Metro', 'Halishahor', 'No. 26 North Halishahor', 2, 70, '22.336711111111', '91.775244444444', 1),
(560, 'Pahartali police station', 'Chittagong', 'Chittagong Metro', 'Pahartali', '09 no North Pahartali', 2, 70, '22.357955555555', '91.772744444444', 1),
(561, 'Akbar Shah Police Station', 'Chittagong', 'Chittagong Metro', 'Akabarsaha', '09 no North Pahartali', 2, 70, '22.357063888889', '91.781141666667', 1),
(562, 'Kotwali Police Station', 'Chittagong', 'Chittagong Metro', 'Kotwali', 'No. 32 Andarkilla', 2, 70, '22.333697222222', '91.836780555556', 1),
(563, 'Bakoliya police station', 'Chittagong', 'Chittagong Metro', 'Bakoliya', '18 East Bakoliya', 2, 70, '22.363919444444', '91.852008333333', 1),
(564, 'Chakbazar police station', 'Chittagong', 'Chittagong Metro', 'Chakbazar', 'No. 16 Chakbazar', 2, 70, '22.357505555555', '91.839025', 1),
(565, 'Sadarghat police station', 'Chittagong', 'Chittagong Metro', 'Sadarghat', 'No. 30 East Madarbari', 2, 70, '22.324530555556', '91.824758333333', 1),
(566, 'Panchlaish Model police station', 'Chittagong', 'Chittagong Metro', 'Panchlaish', 'No. 16 Chakbazar', 2, 70, '22.351277777778', '91.834275', 1),
(567, 'Candagaon police station', 'Chittagong', 'Chittagong Metro', 'Chandagaon', 'No. 6 East Sholashahor', 2, 70, '22.368261111111', '91.848741666667', 1),
(568, 'Bostami Bayezid Police Station', 'Chittagong', 'Chittagong Metro', 'Bayazid bostami', 'No. 6 East Sholashahor', 2, 70, '22.3795', '91.820122222222', 1),
(569, 'Khulshi police station', 'Chittagong', 'Chittagong Metro', 'Khulshi', '8 sukalbahar', 2, 70, '22.362833333333', '91.820272222222', 1),
(570, 'Bandar Police Station', 'Chittagong', 'Chittagong Metro ', 'Bandar', 'No. 36 Gosail Danga', 2, 70, '22.307863888889', '91.802775', 1),
(571, 'EPZ Police Station', 'Chittagong', 'Chittagong Metro', 'EPZ', '39 South Halishahor', 2, 70, '22.291025', '91.802686111111', 1),
(572, 'Patenga Police Station', 'Chittagong', 'Chittagong  Metro', 'Patenga Police Station', 'No. 40 North Patenga', 2, 43, '22.270169444444', '91.788316666667', 1),
(573, 'Karnafuly police station', 'Chittagong', 'Chittagong Metro', 'Karnafuly', 'No. 01 Charlaksa Union', 2, 70, '22.303788888889', '91.84485', 1),
(574, 'Khulna police station', 'Khulna', 'Khulna Metro', 'Khulna', 'KCC', 4, 69, '22.817480555555', '89.564638888889', 1),
(575, 'Harintana police station', 'Khulna', 'Khulna Metro', 'Harintana', 'Jalma', 4, 69, '22.795513888889', '89.564638888889', 1),
(576, 'Sonadanga police station', 'Khulna', 'Khulna Metro', 'Sonadanga', 'KCC', 4, 69, '22.816', '89.543516666667', 1),
(577, 'Khalishpur police station', 'Khulna', 'Khulna Metro', 'Khalispur', 'KCC', 4, 69, '22.848877777778', '89.541002777778', 1),
(578, 'Doulatpur police station', 'Khulna', 'Khulna Metro', 'Daulatpur', 'KCC', 4, 69, '22.878291666667', '89.518583333333', 1),
(579, 'Aranghata police station', 'Khulna', 'Khulna Metro', 'Aranghata', 'Aranghata', 4, 69, '22.872072222222', '89.500975', 1),
(580, 'Khan Jahan Ali Police Station', 'Khulna', 'Khulna Metro', 'Khan Jahan Ali', 'Atra-giletala', 4, 69, '22.914313888889', '89.506880555555', 1),
(581, 'Boalia Model Police Station', 'Rajshahi', 'Rajshahi Metro', 'Boalia', 'Ward 22 Rajshahi City', 5, 67, '24.365184', '88.604367', 1),
(582, 'Motihar police station', 'Rajshahi', 'Rajshahi Metro', 'Motihar', '28 no Ward', 5, 67, '24.360335', '88.628222', 1),
(583, 'Rajpara police station', 'Rajshahi', 'Rajshahi Metro', 'Rajpara', 'Ward 8 Rajshahi City', 5, 67, '24.37021', '88.574821', 1),
(584, 'Sha Makhdum police station', 'Rajshahi', 'Rajshahi Metro', 'Sahmakhdum', 'Rajshahi city', 5, 67, '24.394052', '88.606072', 1),
(585, 'Kotwali Police Station', 'Barishal', 'Barisal Metro', 'Barisal sadar', NULL, 1, 71, '22.706186', '90.371895', 1),
(586, 'Airport police station', 'Barishal', 'Barisal Metro', 'Barisal sadar', NULL, 1, 71, '22.734304', '90.328135', 1),
(587, 'Kaunia police station', 'Barishal', 'Barisal Metro', 'Barisal sadar', NULL, 1, 71, '22.714931', '90.377661', 1),
(588, 'Bandar police station', 'Barishal', 'Barisal Metro', 'Barisal sadar', NULL, 1, 71, '22.695751', '90.455101', 1),
(589, 'Kotwali Police Station', '  Sylhet', '  Sylhet Metro', 'Sylhet sadar', '01 no ward', 7, 68, '24.888625', '91.86637', 1),
(590, 'Jalalabad police station', '  Sylhet', '  Sylhet Metro', 'Sylhet sadar', 'Tukerabazar', 7, 68, '24.92484', '91.816535', 1),
(591, 'Moglabazar police station', '  Sylhet', '  Sylhet Metro', 'Sylhet sadar', 'Moglabazar', 7, 68, '24.81937', '91.907472', 1),
(592, 'Shahporan (R) police station', '  Sylhet', 'Sylhet Metro', 'Sylhet sadar', 'Khadimpara', 7, 68, '24.880228', '91.918347', 1),
(593, 'Airport police station', '  Sylhet', 'Sylhet Metro', 'Sylhet sadar', 'Khadimnagar', 7, 68, '24.95952', '91.879923', 1),
(594, 'South Surma Police Station', '  Sylhet', '  Sylhet Metro', 'Sylhet sadar', 'Baraikandi', 7, 68, '24.86744', '91.858533', 1),
(595, 'Mayamamati crossing highway police station', 'Chittagong', 'Comilla', 'Adash sadar', 'north doargapara', 2, 44, '2347782', '91.12916', 1),
(596, ' Mahipala highway police station', 'Chittagong', 'Feni', 'Feni sadar', 'Feni Municipality Ward No. 13', 2, 46, '23.006681', '91.383584', 1),
(597, 'Highway police station baraauliya', 'Chittagong', 'Chittagong', 'Sitacoundah', 'Sonaichari', 2, 43, '22.480526', '91.720105', 1),
(598, 'Highway police station Dohazari', 'Chittagong', 'Chittagong', 'Satkania', 'Kaliyaisa', 2, 43, '22.1664', '92.06588', 1),
(599, 'Rauzan highway police station', 'Chittagong', 'Chittagong', 'Raujana', 'Sikadai', 2, 43, '22.529177', '91.878473', 1),
(600, 'Ramucrossing highway police station', 'Chittagong', 'Cox\'s Bazar', 'Ramu', 'Khuniya palong union', 2, 45, '21.3720536', '92.078762', 1),
(601, 'Mauna highway police station', 'Dhaka', 'Gazipur', 'Sreepur', 'Sreepur Municipality', 3, 3, '24.217275', '90413725', 1),
(602, 'Highway police station nandail', 'Maymensing', 'Maymensing', 'Nandail', 'Gangail', 0, 0, '24.5785964', '90.6977052', 1),
(603, 'Gorai Highway Police Station', 'Dhaka', 'Tangial', 'Mirjapur', 'Gorai', 3, 0, '24.096828', '90.165827', 1),
(604, 'Highway police station  kacapur', 'Dhaka', 'Narayangonj', 'Sonargaon', 'Kacpur', 3, 11, '23.705913', '90.52345', 1),
(605, 'Highway Police Station hasar', 'Dhaka', 'Munshigonj', 'Sirajdikhan', 'Keyail', 3, 9, '23.614', '90.33737', 1),
(606, 'Bhairab highway police station', 'Dhaka', 'Kishoreganj', 'Bhairab', 'Bhairab municipality', 3, 0, '24.065873', '90.977733', 1),
(607, 'Highway police station khatihata', 'Dhaka', 'Dhaka', 'Sadar', 'Bodal', 3, 1, '33.92582', '91.11612', 1),
(608, 'Shaistagonj highway police station', 'Sylhet', 'Habiganj', 'Shaistaganj', 'Ubaihata', 7, 51, '24.154662108', '91.285143728', 1),
(609, 'Sherpur Highway Police Station', 'Sylhet', 'Moulabhibazar', 'Sadar', 'Khalilpur', 7, 52, '24.6254', '91.673743', 1),
(610, 'Highway police station Tetulia', 'Rangpur', 'Panchagar', 'Tetulia', 'Bhajanpur', 6, 0, '26.46943', '88.48057', 1),
(611, 'Highway police station Dasmail', 'Rangpur', 'Dinajpur', 'Chirirbandar', 'Phatejonpur', 6, 26, '25.765784', '88.835785', 1),
(612, 'Highway police station Taragonj', 'Rangpur', 'Rangpur', 'Taragonj', 'Ikaracali', 6, 32, '25.807588', '89.043662', 1),
(613, 'Highway police station hatibandha', 'Rangpur', 'Lalmonirhat', 'Hatibandha', 'Barakhata', 6, 29, '26.20673', '89.104903', 1),
(614, 'Highway police station Govindagonj', 'Rangpur', 'Gaibandha', 'Govindagonj', 'Kamardah', 6, 0, '25.116891', '89.38533', 1),
(615, 'Banpara highway police station', 'Rajshahi', 'Natore', 'Baraigram', 'Banpara', 5, 21, '24.29143', '89.081307', 1),
(616, 'Highway police station hatikamrul', 'Rajshahi', 'Sirajgonj', 'Ullapara', 'Hatikamrul', 5, 25, '24.419009', '89.553737', 1),
(617, 'Highway police station Gaurnad', 'Barishal', 'Barisal', 'Gaurnadi', ' municipality', 1, 35, '22.73149', '91.12505', 1),
(618, 'Highway police station Shibchar', 'Dhaka', 'Madaripur', 'Shibchar', ' municipality', 3, 7, '23.3797276', '90.1201948', 1),
(619, 'Banga highway police station', 'Dhaka', 'Faridpur', 'Banga', ' municipality', 3, 2, '23.38904', '90.400403', 1),
(620, ' Ahaladipur highway police station', 'Dhaka', 'Rajbari', 'Sadar', 'Shahid ohabpur', 3, 14, '23.74899', '98.63805', 1),
(621, 'Highway police station Pangsha', 'Dhaka', 'Rajbari', 'Kalukhali', 'Madapur', 3, 14, '23.4278803', '89.0828937', 1),
(622, 'Highway police station Barobazar', 'Khulna', 'Jhenaidah', 'Kaligonj', 'Barobazar', 4, 0, '23.305436', '89.151414', 1),
(623, 'Highway police station Nawapara', 'Khulna', 'Jessore', 'Abhaynagar', ' municipality', 4, 57, '23.03692', '89.393761', 1),
(624, 'Highway police station Katakhali', 'Khulna', 'Bagerhat', 'Fakirhat', 'Fakirhat', 4, 0, '22.774096', '89.720007', 1),
(625, 'Chittagong Railway police Station', 'Chittagong', 'Chittagong Metro', 'Kotwali', 'Alkaran', 2, 70, '22.335594444444', '91.826858333333', 1),
(626, 'Laksham railway police station', 'Chittagong', 'Comilla', 'Laksham', 'Laksham Municipality', 2, 44, '23.433063888889', '91.214341666667', 1),
(627, 'Chandpur Railway police Station', 'Chittagong', 'Chandpur', 'Sadar', 'Chandpur Municipality', 2, 42, '23.230944444444', '91.643911111111', 1),
(628, 'Akhaura railway police station', 'Chittagong', 'Brahmanbaria', 'Akhaura', 'Akhaura Municipality', 2, 41, '23.873847222222', '91.205172222222', 1),
(629, 'Srimangal railway police station', 'Sylhet', 'Moulabhibazar', 'Srimangal', 'Srimangal Municipality', 7, 52, '24.306211111111', '91.73365', 1),
(630, 'Sylhet Railway police Station', 'Sylhet', 'Sylhet', 'South Surma', 'Word Bharthkhola', 7, 54, '24.882230555555', '91.866655555555', 1),
(631, 'Kulaura railway police station', 'Sylhet', 'Moulabhibazar', 'Kulaura', 'Kulaura Municipality', 7, 52, '24.5219', '92.036305555556', 1),
(632, 'Bhairab Railway police Station', 'Dhaka ', 'Kishoregonj', 'Bhairab', 'Bhairab municipality', 3, 6, '24.049958333333', '92.976772222222', 1),
(633, 'Dhaka railway police station', 'Dhaka ', 'Dhaka', 'Shajahanpur Police Station', 'Komlapur', 3, 1, '23.733888888889', '90.976772222222', 1),
(634, 'Mymensing Railway police Station', 'Mymensing', 'Mymensing', 'Sadar', 'Ganginarpar Road', 0, 10, '24.755475', '90.410013888889', 1),
(635, 'Jamalpur Railway police Station', 'Mymensing', 'Jamalpur', 'Sadar', 'Jamalpur Municipality', 0, 5, '24.747952777778', '89.956586111111', 1),
(636, 'Kishoreganj Railway police station', 'Dhaka ', 'Kishoregonj', 'Bhairab', 'Bhairab municipality', 3, 6, '24.427177777778', '90.788405555555', 1),
(637, 'Syedpur Railway police Station', 'Rangpur', 'Nilphamari', 'Syedpur', 'Syedpur Municipality', 6, 30, '25.786514', '88.893245', 1),
(638, 'Parbatipur railway police station', 'Rangpur', 'Dinajpur', 'Parbatipur', 'Parbatipur municipality', 6, 26, '25.653329', '88.915632', 1),
(639, 'Lalmonirhat Railway police Station', 'Rangpur', 'Lalmonirhat', 'Sadar', 'Sadar Municipality', 6, 29, '25.911331', '89.445359', 1),
(640, 'Bonarpara Railway police station', 'Rangpur', 'Gaibandha', 'Saghatta', 'Bonarpara UP', 6, 0, '25.164478', '89.522896', 1),
(641, 'Shantahar railway police station', 'Rajshahi', 'Bogra', 'Adamdighi', 'Shantahar Municipality', 5, 18, '24.807603', '88.986324', 1),
(642, 'Ishwardi Railway police Station', 'Rajshahi', 'Pabna', 'ISHWARDI', 'Ishwardi municipality', 5, 23, '24.130471', '89.062791', 1),
(643, 'Rajshahi Railway police Station', 'Rajshahi', 'Rajshahi Metro', 'Boyaliya', 'Rajshahi City', 5, 67, '24.3751575', '88.61011', 1),
(644, 'Sirajgonj Railway police Station', 'Rajshahi', 'Sirajgonj', 'Sadar', 'Sadar Municipality', 5, 25, '24.451495', '89.703732', 1),
(645, 'Poradaha railway police station', 'Khulna', 'Kustia', 'Mirpur', 'Poradaha', 4, 60, '23.5181', '89.1593', 1),
(646, 'Rajbari Railway police Station', 'Dhaka', 'Rajbari', 'Sadar', 'Sadar Municipality', 3, 14, '23.792727', '89.646105', 1),
(647, 'Khulna Railway police Station', 'Khulna', 'Khulna Metro', 'Sadar', 'Khulna City', 4, 69, '22.82284', '89.651201', 1),
(648, 'Salimgonj marine police station', 'Chittagong', 'Brahmanbaria', 'Nabinagar', 'No. 18 Salimgonj', 2, 41, '23.0291639', '90.511275', 1),
(649, 'Dhusmara marine police station', 'Rangpur', 'Kurigram ', 'Cilamari police station', 'Astamidphor', 6, 28, '25.517694', '89.76818', 1),
(650, 'Bahadurabadghat marine police stations', 'Mymensing', 'Jamalpur ', 'Dewangonj', 'Dewangonj Municipality', 0, 0, '25.171180555556', '89.761025', 1),
(652, 'Tajhat Police Station', 'Rangpur', 'Rangpur Metro', 'Rangpur sadar', 'Rangpur City Corporation', 6, 66, '25.705665', '89.262122', 1),
(653, 'Mahigannj Police Station', 'Rangpur', 'Rangpur Metro', 'Rangpur sadar', 'Rangpur City Corporation', 6, 66, '25.72968', '89.284568', 1),
(654, 'Haragach Police Station', 'Rangpur', 'Rangpur Metro', 'Rangpur sadar', 'Rangpur City Corporation', 6, 66, '25.812164', '89.325585', 1),
(655, 'Pasuram Police Station', 'Rangpur', 'Rangpur Metro', 'Rangpur sadar', 'Rangpur City Corporation', 6, 66, '25.784029', '89.23353', 1),
(656, 'Hajirhat Police Station', 'Rangpur', 'Rangpur Metro', 'Rangpur sadar', 'Rangpur City Corporation', 6, 66, '25.744021', '89.275343', 1),
(657, 'Gacha Police Station', 'Dhaka', 'Gazipur Metro', NULL, NULL, 3, 72, '23.949787', '90.390034', 1),
(658, 'Tongi East Police Station', 'Dhaka', 'Gazipur Metro', NULL, NULL, 3, 72, '23.89478', '90.403', 1),
(659, 'Tongi West Police Station', 'Dhaka', 'Gazipur Metro', NULL, NULL, 3, 72, '23.916912', '90.389843', 1),
(660, 'Gazipur Sadar Police Station', 'Dhaka', 'Gazipur Metro', NULL, NULL, 3, 72, '24.002659', '90.420044', 1),
(661, 'Konabari Police Station', 'Dhaka', 'Gazipur Metro', NULL, NULL, 3, 72, '24.005253', '90.321402', 1),
(662, 'Kashimpur Police Station', 'Dhaka', 'Gazipur Metro', NULL, NULL, 3, 72, '23.982297', '90.30222', 1),
(663, 'Pubail Police Station', 'Dhaka', 'Gazipur Metro', NULL, NULL, 3, 72, '23.933678', '90.449801', 1),
(664, 'Bashon Police Station', 'Dhaka', 'Gazipur Metro', NULL, NULL, 3, 72, '23.985342', '90.364606', 1);

TRUNCATE TABLE `upazilas`;

INSERT INTO `upazilas` (`id`, `district_id`, `name`, `bn_name`, `latitude`, `longitude`) VALUES
(1, 34, 'Amtali', 'আমতলী', 22.13390900, 90.23619300),
(2, 34, 'Bamna ', 'বামনা', 22.27415500, 90.06533400),
(3, 34, 'Barguna Sadar ', 'বরগুনা সদর', 22.11914900, 90.09336900),
(4, 34, 'Betagi ', 'বেতাগি', 22.41416100, 90.16588600),
(5, 34, 'Patharghata ', 'পাথরঘাটা', 22.07147400, 89.94400600),
(6, 34, 'Taltali ', 'তালতলী', 22.02373900, 90.13078000),
(7, 35, 'Muladi ', 'মুলাদি', 22.88753400, 90.38896200),
(8, 35, 'Babuganj ', 'বাবুগঞ্জ', 22.83406800, 90.31837900),
(9, 35, 'Agailjhara ', 'আগাইলঝরা', 22.97132900, 90.16354400),
(10, 35, 'Barisal Sadar ', 'বরিশাল সদর', 22.73846900, 90.43137300),
(11, 35, 'Bakerganj ', 'বাকেরগঞ্জ', 22.54787000, 90.39367200),
(12, 35, 'Banaripara ', 'বানাড়িপারা', 22.82242200, 90.12142300),
(13, 35, 'Gaurnadi ', 'গৌরনদী', 22.94142600, 90.25261600),
(14, 35, 'Hizla ', 'হিজলা', 22.97644000, 90.54469100),
(15, 35, 'Mehendiganj ', 'মেহেদিগঞ্জ', 22.82607000, 90.52696400),
(16, 35, 'Wazirpur ', 'ওয়াজিরপুর', 22.88202200, 90.09336900),
(17, 36, 'Bhola Sadar ', 'ভোলা সদর', 22.69018100, 90.62041600),
(18, 36, 'Burhanuddin ', 'বুরহানউদ্দিন', 22.47525100, 90.71527500),
(19, 36, 'Char Fasson ', 'চর ফ্যাশন', 22.19953500, 90.72596000),
(20, 36, 'Daulatkhan ', 'দৌলতখান', 22.60510900, 90.74136600),
(21, 36, 'Lalmohan ', 'লালমোহন', 22.30810600, 90.77229700),
(22, 36, 'Manpura ', 'মনপুরা', 22.19985900, 90.95339800),
(23, 36, 'Tazumuddin ', 'তাজুমুদ্দিন', 22.41797900, 90.85083500),
(24, 37, 'Jhalokati Sadar ', 'ঝালকাঠি সদর', 22.69124500, 90.20571100),
(25, 37, 'Kathalia ', 'কাঁঠালিয়া', 22.40527800, 90.09336900),
(26, 37, 'Nalchity ', 'নালচিতি', 22.59578300, 90.28078700),
(27, 37, 'Rajapur ', 'রাজাপুর', 22.54829600, 90.13078000),
(28, 38, 'Bauphal ', 'বাউফল', 22.41925300, 90.55651400),
(29, 38, 'Dashmina ', 'দশমিনা', 22.27914000, 90.56834000),
(30, 38, 'Galachipa ', 'গলাচিপা', 22.16337300, 90.41016200),
(31, 38, 'Kalapara ', 'কালাপারা', 21.90444900, 90.18696400),
(32, 38, 'Mirzaganj ', 'মির্জাগঞ্জ', 22.36245300, 90.21088200),
(33, 38, 'Patuakhali Sadar ', 'পটুয়াখালী সদর', 22.35723100, 90.35600800),
(34, 38, 'Dumki ', 'ডুমকি', 22.46445300, 90.38425300),
(35, 38, 'Rangabali ', 'রাঙ্গাবালি', 21.90404000, 90.41251800),
(36, 39, 'Bhandaria', 'ভ্যান্ডারিয়া', 22.44106700, 90.00932700),
(37, 39, 'Kaukhali', 'কাউখালি', 22.62580900, 90.07000500),
(38, 39, 'Mathbaria', 'মাঠবাড়িয়া', 22.29204600, 89.95801200),
(39, 39, 'Nazirpur', 'নাজিরপুর', 22.78671600, 89.98134400),
(40, 39, 'Nesarabad', 'নেসারাবাদ', 22.74496400, 90.11674600),
(41, 39, 'Pirojpur Sadar', 'পিরোজপুর সদর', 22.59602600, 89.98134400),
(42, 39, 'Zianagar', 'জিয়ানগর', 22.48576400, 89.96034600),
(43, 40, 'Bandarban Sadar', 'বান্দরবন সদর', 22.24684800, 92.24334900),
(44, 40, 'Thanchi', 'থানচি', 21.82109600, 92.43569600),
(45, 40, 'Lama', 'লামা', 21.79374700, 92.26303900),
(46, 40, 'Naikhongchhari', 'নাইখংছড়ি ', 21.42694800, 92.17572800),
(47, 40, 'Ali kadam', 'আলী কদম', 21.65300900, 92.31476800),
(48, 40, 'Rowangchhari', 'রউয়াংছড়ি ', 22.19752200, 92.36162000),
(49, 40, 'Ruma', 'রুমা', 21.98100000, 92.49999200),
(50, 41, 'Brahmanbaria Sadar ', 'ব্রাহ্মণবাড়িয়া সদর', 23.92582500, 91.11611700),
(51, 41, 'Ashuganj ', 'আশুগঞ্জ', 24.02773800, 90.99640900),
(52, 41, 'Nasirnagar ', 'নাসির নগর', 24.18700200, 91.17369900),
(53, 41, 'Nabinagar ', 'নবীনগর', 23.88821000, 90.96056400),
(54, 41, 'Sarail ', 'সরাইল', 24.11637300, 91.07777200),
(55, 41, 'Shahbazpur Town', 'শাহবাজপুর টাউন', 24.05599600, 91.20252100),
(56, 41, 'Kasba ', 'কসবা', 23.78307000, 91.11611700),
(57, 41, 'Akhaura ', 'আখাউরা', 23.86861900, 91.20972900),
(58, 41, 'Bancharampur ', 'বাঞ্ছারামপুর', 23.78496700, 90.81035700),
(59, 41, 'Bijoynagar ', 'বিজয় নগর', 24.01418600, 91.22655400),
(60, 42, 'Chandpur Sadar', 'চাঁদপুর সদর', 23.23209900, 90.66307500),
(61, 42, 'Faridganj', 'ফরিদগঞ্জ', 23.12748800, 90.75090400),
(62, 42, 'Haimchar', 'হাইমচর', 23.05944300, 90.64885000),
(63, 42, 'Haziganj', 'হাজীগঞ্জ', 23.25204100, 90.85083500),
(64, 42, 'Kachua', 'কচুয়া', 23.34114400, 90.88896800),
(65, 42, 'Matlab Uttar', 'মতলব উত্তর', 23.42868200, 90.63937000),
(66, 42, 'Matlab Dakkhin', 'মতলব দক্ষিণ', 23.34478300, 90.76278800),
(67, 42, 'Shahrasti', 'শাহরাস্তি', 23.23064300, 90.94862200),
(68, 43, 'Anwara ', 'আনোয়ারা', 22.23371600, 91.86598100),
(69, 43, 'Banshkhali ', 'বাশখালি', 21.98843000, 91.94902100),
(70, 43, 'Boalkhali ', 'বোয়ালখালি', 22.37910600, 91.91725200),
(71, 43, 'Chandanaish ', 'চন্দনাইশ', 22.24389400, 92.01262800),
(72, 43, 'Fatikchhari ', 'ফটিকছড়ি', 22.75372600, 91.71495800),
(73, 43, 'Hathazari ', 'হাঠহাজারী', 22.50846300, 91.80745900),
(74, 43, 'Lohagara ', 'লোহাগারা', 22.04019500, 92.10084900),
(75, 43, 'Mirsharai ', 'মিরসরাই', 22.77303900, 91.57415200),
(76, 43, 'Patiya ', 'পটিয়া', 22.29805700, 91.96858300),
(77, 43, 'Rangunia ', 'রাঙ্গুনিয়া', 22.48724200, 92.08613300),
(78, 43, 'Raozan ', 'রাউজান', 22.53684300, 91.92946800),
(79, 43, 'Sandwip ', 'সন্দ্বীপ', 22.49194000, 91.42089100),
(80, 43, 'Satkania ', 'সাতকানিয়া', 22.10592800, 92.08613300),
(81, 43, 'Sitakunda ', 'সীতাকুণ্ড', 22.55127800, 91.70523200),
(82, 44, 'Barura ', 'বড়ুরা', 23.35510600, 91.03946400),
(83, 44, 'Brahmanpara ', 'ব্রাহ্মণপাড়া', 23.62252700, 91.10173300),
(84, 44, 'Burichong ', 'বুড়িচং', 23.56288000, 91.12091200),
(85, 44, 'Chandina ', 'চান্দিনা', 23.48924800, 91.00836400),
(86, 44, 'Chauddagram ', 'চৌদ্দগ্রাম', 23.30579000, 91.26984700),
(87, 44, 'Daudkandi ', 'দাউদকান্দি', 23.49951800, 90.77229700),
(88, 44, 'Debidwar ', 'দেবীদ্বার', 23.61145400, 90.97728700),
(89, 44, 'Homna ', 'হোমনা', 23.68247300, 90.78329100),
(90, 44, 'Comilla Sadar ', 'কুমিল্লা সদর', 23.46138400, 91.16409700),
(91, 44, 'Laksam ', 'লাকসাম', 23.21168600, 91.11611700),
(92, 44, 'Monohorgonj ', 'মনোহরগঞ্জ', 23.11667100, 91.07777200),
(93, 44, 'Meghna ', 'মেঘনা', 23.62665800, 90.62053300),
(94, 44, 'Muradnagar ', 'মুরাদনগর', 23.71281800, 90.94384700),
(95, 44, 'Nangalkot ', 'নাঙ্গালকোট', 23.16940600, 91.19771600),
(96, 44, 'Comilla Sadar South ', 'কুমিল্লা সদর দক্ষিণ', 23.30667700, 91.15449600),
(97, 44, 'Titas ', 'তিতাস', 23.76669100, 90.86770200),
(98, 45, 'Chakaria ', 'চকরিয়া', 21.76190500, 92.07755100),
(100, 45, 'Cox\'s Bazar Sadar', 'কক্স বাজার সদর', 21.43830300, 91.99529300),
(101, 45, 'Kutubdia ', 'কুতুবদিয়া', 21.81666700, 91.85833300),
(102, 45, 'Maheshkhali ', 'মহেশখালী', 21.58341000, 91.92946800),
(103, 45, 'Ramu ', 'রামু', 21.43236800, 92.10084900),
(104, 45, 'Teknaf ', 'টেকনাফ', 21.05566500, 92.20399300),
(105, 45, 'Ukhia ', 'উখিয়া', 21.22374400, 92.10575500),
(106, 45, 'Pekua ', 'পেকুয়া', 21.81555000, 91.95391100),
(107, 46, 'Feni Sadar', 'ফেনী সদর', 22.97100900, 91.42414300),
(108, 46, 'Chagalnaiya', 'ছাগল নাইয়া', 23.03862800, 91.51844200),
(109, 46, 'Daganbhyan', 'দাগানভিয়া', 22.97200100, 91.30836900),
(110, 46, 'Parshuram', 'পরশুরাম', 23.20921200, 91.42414300),
(111, 46, 'Fhulgazi', 'ফুলগাজি', 23.11394000, 91.42414300),
(112, 46, 'Sonagazi', 'সোনাগাজি', 22.87604800, 91.38551600),
(113, 47, 'Dighinala ', 'দিঘিনালা', 23.24084700, 92.06406900),
(114, 47, 'Khagrachhari ', 'খাগড়াছড়ি', 23.13217500, 91.94902100),
(115, 47, 'Lakshmichhari ', 'লক্ষ্মীছড়ি', 22.79616800, 91.91236600),
(116, 47, 'Mahalchhari ', 'মহলছড়ি', 22.93169800, 92.02976800),
(117, 47, 'Manikchhari ', 'মানিকছড়ি', 22.84172300, 91.83671000),
(118, 47, 'Matiranga ', 'মাটিরাঙ্গা', 23.04079900, 91.87330200),
(119, 47, 'Panchhari ', 'পানছড়ি', 23.30245900, 91.89771300),
(120, 47, 'Ramgarh ', 'রামগড়', 22.96750700, 91.77335700),
(121, 48, 'Lakshmipur Sadar ', 'লক্ষ্মীপুর সদর', 22.95118300, 90.86751300),
(122, 48, 'Raipur ', 'রায়পুর', 22.97585000, 90.69628500),
(123, 48, 'Ramganj ', 'রামগঞ্জ', 23.11785400, 90.88658300),
(124, 48, 'Ramgati ', 'রামগতি', 22.65291400, 90.93429700),
(125, 48, 'Komol Nagar ', 'কমল নগর', 22.78447400, 90.84845200),
(126, 49, 'Noakhali Sadar ', 'নোয়াখালী সদর', 22.83101200, 91.03946400),
(127, 49, 'Begumganj ', 'বেগমগঞ্জ', 22.93193300, 91.09214700),
(128, 49, 'Chatkhil ', 'চাটখিল', 23.05779300, 90.97250900),
(129, 49, 'Companyganj ', 'কোম্পানীগঞ্জ', 22.82935200, 91.26984700),
(130, 49, 'Shenbag ', 'শেনবাগ', 22.97261500, 91.23136200),
(131, 49, 'Hatia ', 'হাতিয়া', 22.65305600, 90.99805600),
(132, 49, 'Kobirhat ', 'কবিরহাট', 22.79564300, 91.19891700),
(133, 49, 'Sonaimuri ', 'সোনাইমুরি', 23.05092700, 91.11132200),
(134, 49, 'Suborno Char ', 'সুবর্ণ চর', 22.66380600, 91.09694000),
(135, 50, 'Rangamati Sadar ', 'রাঙ্গামাটি সদর', 22.65273300, 92.18432800),
(136, 50, 'Belaichhari ', 'বেলাইছড়ি', 22.36226000, 92.49999200),
(137, 50, 'Bagaichhari ', 'বাঘাইছড়ি', 23.46184200, 92.22366700),
(138, 50, 'Barkal ', 'বরকল', 22.72515600, 92.37951100),
(139, 50, 'Juraichhari ', 'জুরাইছড়ি', 22.67082200, 92.37889400),
(140, 50, 'Rajasthali ', 'রাজাস্থলি', 22.38928100, 92.28273800),
(141, 50, 'Kaptai ', 'কাপ্তাই', 22.49438200, 92.22120700),
(142, 50, 'Langadu ', 'লাঙ্গাডু', 22.93858900, 92.18432800),
(143, 50, 'Nannerchar ', 'নান্নেরচর', 22.86216700, 92.11066200),
(144, 50, 'Kaukhali ', 'কাউখালি', 22.62580900, 90.07000500),
(150, 2, 'Faridpur Sadar ', 'ফরিদপুর সদর', 23.62035200, 89.81303600),
(151, 2, 'Boalmari ', 'বোয়ালমারী', 23.40584700, 89.68162100),
(152, 2, 'Alfadanga ', 'আলফাডাঙ্গা', 23.27487300, 89.69102200),
(153, 2, 'Madhukhali ', 'মধুখালি', 23.54854600, 89.60632800),
(154, 2, 'Bhanga ', 'ভাঙ্গা', 23.40616900, 90.01865600),
(155, 2, 'Nagarkanda ', 'নগরকান্ড', 23.45376900, 89.90663100),
(156, 2, 'Charbhadrasan ', 'চরভদ্রাসন', 23.59665700, 89.98134400),
(157, 2, 'Sadarpur ', 'সদরপুর', 23.50141100, 90.05599400),
(158, 2, 'Shaltha ', 'শালথা', 23.43281000, 89.78256800),
(159, 3, 'Gazipur Sadar-Joydebpur', 'গাজীপুর সদর', 23.99994100, 90.42027200),
(160, 3, 'Kaliakior', 'কালিয়াকৈর', 24.11989700, 90.28078700),
(161, 3, 'Kapasia', 'কাপাসিয়া', 24.16661000, 90.58253600),
(162, 3, 'Sripur', 'শ্রীপুর', 24.19965700, 90.48091000),
(163, 3, 'Kaliganj', 'কালীগঞ্জ', 23.96447800, 90.57307100),
(164, 3, 'Tongi', 'টঙ্গি', 23.90104100, 90.40882200),
(165, 4, 'Gopalganj Sadar ', 'গোপালগঞ্জ সদর', 23.90104100, 90.40882200),
(166, 4, 'Kashiani ', 'কাশিয়ানি', 23.16784600, 89.79428900),
(167, 4, 'Kotalipara ', 'কোটালিপাড়া', 23.04885000, 90.03732000),
(168, 4, 'Muksudpur ', 'মুকসুদপুর', 23.26323800, 89.90663100),
(169, 4, 'Tungipara ', 'টুঙ্গিপাড়া', 22.90733700, 89.89845100),
(170, 5, 'Dewanganj ', 'দেওয়ানগঞ্জ', 25.21243000, 89.75676900),
(171, 5, 'Baksiganj ', 'বকসিগঞ্জ', 25.18441100, 89.86805100),
(172, 5, 'Islampur ', 'ইসলামপুর', 25.07012500, 89.75676900),
(173, 5, 'Jamalpur Sadar ', 'জামালপুর সদর', 24.85674400, 90.03732000),
(174, 5, 'Madarganj ', 'মাদারগঞ্জ', 24.88028800, 89.75676900),
(175, 5, 'Melandaha ', 'মেলানদাহা', 24.98125000, 89.82708900),
(176, 5, 'Sarishabari ', 'সরিষাবাড়ি', 24.75129700, 89.82826000),
(177, 5, 'Narundi Police I.C', 'নারুন্দি', 24.86260000, 90.11670000),
(178, 6, 'Astagram ', 'অষ্টগ্রাম', 24.27953500, 91.11851400),
(179, 6, 'Bajitpur ', 'বাজিতপুর', 24.21379900, 90.95220400),
(180, 6, 'Bhairab ', 'ভৈরব', 24.04415900, 90.98565200),
(181, 6, 'Hossainpur ', 'হোসেনপুর', 24.43963100, 90.66781800),
(182, 6, 'Itna ', 'ইটনা', 24.54419200, 91.07777200),
(183, 6, 'Karimganj ', 'করিমগঞ্জ', 24.45039500, 90.88658300),
(184, 6, 'Katiadi ', 'কতিয়াদি', 24.30822200, 90.81035700),
(185, 6, 'Kishoreganj Sadar ', 'কিশোরগঞ্জ সদর', 24.40349100, 90.77229700),
(186, 6, 'Kuliarchar ', 'কুলিয়ারচর', 24.15320900, 90.89612200),
(187, 6, 'Mithamain ', 'মিঠামাইন', 24.41955800, 91.06340200),
(188, 6, 'Nikli ', 'নিকলি', 24.35487300, 90.96295200),
(189, 6, 'Pakundia ', 'পাকুন্ডা', 24.30878500, 90.69628500),
(190, 6, 'Tarail ', 'তাড়াইল', 24.54520200, 90.92475000),
(191, 7, 'Madaripur Sadar', 'মাদারীপুর সদর', 23.21553500, 90.16822700),
(192, 7, 'Kalkini', 'কালকিনি', 23.07243300, 90.28078700),
(193, 7, 'Rajoir', 'রাজইর', 23.20668300, 90.04899000),
(194, 7, 'Shibchar', 'শিবচর', 23.35844900, 90.16822700),
(195, 8, 'Manikganj Sadar ', 'মানিকগঞ্জ সদর', 23.83467700, 90.01865600),
(196, 8, 'Singair ', 'সিঙ্গাইর', 23.78699100, 90.16822700),
(197, 8, 'Shibalaya ', 'শিবালয়', 23.83462200, 89.86922000),
(198, 8, 'Saturia ', 'সাঠুরিয়া', 23.97297200, 90.03615300),
(199, 8, 'Harirampur ', 'হরিরামপুর', 23.71567600, 89.96268000),
(200, 8, 'Ghior ', 'ঘিওর', 23.87034800, 89.91597800),
(201, 8, 'Daulatpur ', 'দৌলতপুর', 23.94162600, 89.80366400),
(202, 9, 'Lohajang ', 'লোহাজং', 23.47430500, 90.32073000),
(203, 9, 'Sreenagar ', 'শ্রীনগর', 23.54879000, 90.28078700),
(204, 9, 'Munshiganj Sadar ', 'মুন্সিগঞ্জ সদর', 23.50047400, 90.54469100),
(205, 9, 'Sirajdikhan ', 'সিরাজদিখান', 23.59616200, 90.39367200),
(206, 9, 'Tongibari ', 'টঙ্গিবাড়ি', 23.50965500, 90.46675000),
(207, 9, 'Gazaria ', 'গজারিয়া', 23.54781100, 90.62041600),
(208, 10, 'Bhaluka', 'ভালুকা', 24.40792900, 90.38660700),
(209, 10, 'Trishal', 'ত্রিশাল', 24.58165800, 90.39485000),
(210, 10, 'Haluaghat', 'হালুয়াঘাট', 25.11734000, 90.35600800),
(211, 10, 'Muktagachha', 'মুক্তাগাছা', 24.76601800, 90.25613700),
(212, 10, 'Dhobaura', 'ধবারুয়া', 25.11690400, 90.50688200),
(213, 10, 'Fulbaria', 'ফুলবাড়িয়া', 24.57155300, 90.26200400),
(214, 10, 'Gaffargaon', 'গফরগাঁও', 24.45718500, 90.54869600),
(215, 10, 'Gauripur', 'গৌরিপুর', 24.73691300, 90.58253600),
(216, 10, 'Ishwarganj', 'ঈশ্বরগঞ্জ', 24.69234200, 90.59437000),
(217, 10, 'Mymensingh Sadar', 'ময়মনসিং সদর', 24.78510600, 90.35600800),
(218, 10, 'Nandail', 'নন্দাইল', 24.56872200, 90.69035300),
(219, 10, 'Phulpur', 'ফুলপুর', 24.97507900, 90.31837900),
(220, 11, 'Araihazar ', 'আড়াইহাজার', 23.79165600, 90.65359100),
(221, 11, 'Sonargaon ', 'সোনারগাঁও', 23.69064200, 90.62041600),
(222, 11, 'Bandar', 'বান্দার', 23.63144900, 90.53523600),
(223, 11, 'Naryanganj Sadar ', 'নারায়ানগঞ্জ সদর', 23.63157400, 90.49743600),
(224, 11, 'Rupganj ', 'রূপগঞ্জ', 23.83372100, 90.54469100),
(225, 11, 'Siddirgonj ', 'সিদ্ধিরগঞ্জ', 23.71466000, 90.56360900),
(226, 12, 'Belabo ', 'বেলাবো', 24.10664700, 90.85143000),
(227, 12, 'Monohardi ', 'মনোহরদি', 24.16595800, 90.73427300),
(228, 12, 'Narsingdi Sadar ', 'নরসিংদী সদর', 23.88070200, 90.69628500),
(229, 12, 'Palash ', 'পলাশ', 23.96417800, 90.64885000),
(230, 12, 'Raipura , Narsingdi', 'রায়পুর', 23.97490000, 90.88660000),
(231, 12, 'Shibpur ', 'শিবপুর', 24.02307900, 90.77229700),
(232, 13, 'Kendua', 'কেন্দুয়া', 24.68836900, 90.81035700),
(233, 13, 'Atpara', 'আটপাড়া', 24.80977600, 90.86036500),
(234, 13, 'Barhatta', 'বরহাট্টা', 24.92533300, 90.88658300),
(235, 13, 'Durgapur', 'দুর্গাপুর', 25.11327300, 90.67493300),
(236, 13, 'Kalmakanda', 'কলমাকান্দা', 25.06791200, 90.84845200),
(237, 13, 'Madan', 'মদন', 24.71430000, 90.94620000),
(238, 13, 'Mohanganj', 'মোহনগঞ্জ', 24.87432200, 90.97967700),
(239, 13, 'Netrakona Sadar', 'নেত্রকোনা সদর', 24.85500000, 90.71530000),
(240, 13, 'Purbadhala', 'পূর্বধলা', 24.92682300, 90.58253600),
(241, 13, 'Khaliajuri', 'খালিয়াজুরি', 24.68641800, 91.11611700),
(242, 14, 'Baliakandi ', 'বালিয়াকান্দি', 23.63468700, 89.54740500),
(243, 14, 'Goalandaghat ', 'গোয়ালন্দ ঘাট', 23.73929200, 89.75676900),
(244, 14, 'Pangsha ', 'পাংশা', 23.78002200, 89.41273100),
(245, 14, 'Kalukhali ', 'কালুখালি', 23.42795400, 89.08314300),
(246, 14, 'Rajbari Sadar ', 'রাজবাড়ি সদর', 23.71531500, 89.66281100),
(247, 15, 'Shariatpur Sadar -Palong', 'শরীয়তপুর সদর ', 23.21530000, 90.31840000),
(248, 15, 'Damudya ', 'দামুদিয়া', 23.13168200, 90.42194400),
(249, 15, 'Naria ', 'নড়িয়া', 23.26267600, 90.43137300),
(250, 15, 'Jajira ', 'জাজিরা', 23.34783100, 90.30075300),
(251, 15, 'Bhedarganj ', 'ভেদারগঞ্জ', 23.21481200, 90.50688200),
(252, 15, 'Gosairhat ', 'গোসাইর হাট', 23.09884000, 90.45259500),
(253, 16, 'Jhenaigati ', 'ঝিনাইগাতি', 25.18593800, 90.06299900),
(254, 16, 'Nakla ', 'নাকলা', 24.97527600, 90.20571100),
(255, 16, 'Nalitabari ', 'নালিতাবাড়ি', 25.14136700, 90.18696400),
(256, 16, 'Sherpur Sadar ', 'শেরপুর সদর', 25.02287200, 90.01865600),
(257, 16, 'Sreebardi ', 'শ্রীবরদি', 25.14740100, 89.93933600),
(258, 17, 'Tangail Sadar ', 'টাঙ্গাইল সদর', 24.26276900, 89.86922000),
(259, 17, 'Sakhipur ', 'সখিপুর', 24.28648500, 90.18696400),
(260, 17, 'Basail ', 'বাসাইল', 24.23309700, 90.05132500),
(261, 17, 'Madhupur ', 'মধুপুর', 24.64303200, 90.05599400),
(262, 17, 'Ghatail ', 'ঘাটাইল', 24.47673800, 90.03732000),
(263, 17, 'Kalihati ', 'কালিহাতি', 24.35790300, 89.94400600),
(264, 17, 'Nagarpur ', 'নগরপুর', 24.05767100, 89.87623800),
(265, 17, 'Mirzapur ', 'মির্জাপুর', 24.10525300, 90.10505600),
(266, 17, 'Gopalpur ', 'গোপালপুর', 24.56285400, 89.92765900),
(267, 17, 'Delduar ', 'দেলদুয়ার', 24.12014300, 89.94400600),
(268, 17, 'Bhuapur ', 'ভুয়াপুর', 24.45284000, 89.79428900),
(269, 17, 'Dhanbari ', 'ধানবাড়ি', 24.69053300, 89.94400600),
(270, 55, 'Bagerhat Sadar ', 'বাগেরহাট সদর', 22.65545200, 89.76615300),
(271, 55, 'Chitalmari ', 'চিতলমাড়ি', 22.78666400, 89.86922000),
(272, 55, 'Fakirhat ', 'ফকিরহাট', 22.77751300, 89.70747000),
(273, 55, 'Kachua ', 'কচুয়া', 23.34114400, 90.88896800),
(274, 55, 'Mollahat ', 'মোল্লাহাট', 22.88186400, 89.75676900),
(275, 55, 'Mongla ', 'মংলা', 22.49422000, 89.60161700),
(276, 55, 'Morrelganj ', 'মরেলগঞ্জ', 22.44994100, 89.85284200),
(277, 55, 'Rampal ', 'রামপাল', 22.59571300, 89.68162100),
(278, 55, 'Sarankhola ', 'স্মরণখোলা', 22.09522300, 89.81303600),
(279, 56, 'Damurhuda ', 'দামুরহুদা', 23.60673800, 88.77585000),
(280, 56, 'Chuadanga Sadar ', 'চুয়াডাঙ্গা সদর', 23.64198400, 88.85657600),
(281, 56, 'Jibannagar ', 'জীবন নগর', 23.42260400, 88.82390000),
(282, 56, 'Alamdanga ', 'আলমডাঙ্গা', 23.76266700, 88.94378100),
(283, 57, 'Abhaynagar ', 'অভয়নগর', 23.02381800, 89.37958300),
(284, 57, 'Keshabpur ', 'কেশবপুর', 22.88018400, 89.22770300),
(285, 57, 'Bagherpara ', 'বাঘের পাড়া', 23.21425400, 89.34166700),
(286, 57, 'Jessore Sadar ', 'যশোর সদর', 23.16609700, 89.22770300),
(287, 57, 'Chaugachha ', 'চৌগাছা', 23.26032900, 89.03704800),
(288, 57, 'Manirampur ', 'মনিরামপুর', 23.02315300, 89.22770300),
(289, 57, 'Jhikargachha ', 'ঝিকরগাছা', 23.09990700, 89.09910800),
(290, 57, 'Sharsha ', 'সারশা', 23.06928100, 88.96053600),
(291, 58, 'Jhenaidah Sadar ', 'ঝিনাইদহ সদর', 23.49912400, 89.15154800),
(292, 58, 'Maheshpur ', 'মহেশপুর', 23.33034900, 88.82630100),
(293, 58, 'Kaliganj ', 'কালীগঞ্জ', 23.35625200, 89.15154800),
(294, 58, 'Kotchandpur ', 'কোট চাঁদপুর', 23.40752900, 89.01195800),
(295, 58, 'Shailkupa ', 'শৈলকুপা', 23.68408300, 89.24196600),
(296, 58, 'Harinakunda ', 'হাড়িনাকুন্দা', 23.64152800, 89.07525000),
(297, 59, 'Terokhada ', 'তেরোখাদা', 22.93532200, 89.66751400),
(298, 59, 'Batiaghata ', 'বাটিয়াঘাটা', 22.72636100, 89.50256400),
(299, 59, 'Dacope ', 'ডাকপে', 22.60123500, 89.50728700),
(300, 59, 'Dumuria ', 'ডুমুরিয়া', 22.85722500, 89.43639100),
(301, 59, 'Dighalia ', 'দিঘলিয়া', 22.88136100, 89.53089000),
(302, 59, 'Koyra ', 'কয়ড়া', 22.09408600, 89.36063000),
(303, 59, 'Paikgachha ', 'পাইকগাছা', 22.59309200, 89.31676500),
(304, 59, 'Phultala ', 'ফুলতলা', 22.94066400, 89.44585100),
(305, 59, 'Rupsa ', 'রূপসা', 22.82205100, 89.63458000),
(306, 60, 'Kushtia Sadar', 'কুষ্টিয়া সদর', 23.83191900, 89.07525000),
(307, 60, 'Kumarkhali', 'কুমারখালি', 23.85958100, 89.23958900),
(308, 60, 'Daulatpur', 'দৌলতপুর', 24.02068900, 88.84550400),
(309, 60, 'Mirpur', 'মিরপুর', 23.87903000, 88.99881000),
(310, 60, 'Bheramara', 'ভেরামারা', 24.02097500, 88.99223400),
(311, 60, 'Khoksa', 'খোকসা', 23.79737600, 89.29422100),
(312, 61, 'Magura Sadar ', 'মাগুরা সদর', 23.45271600, 89.41746400),
(313, 61, 'Mohammadpur ', 'মোহাম্মাদপুর', 23.40557800, 89.56862700),
(314, 61, 'Shalikha ', 'শালিখা', 23.35716200, 89.34166700),
(315, 61, 'Sreepur ', 'শ্রীপুর', 24.19965700, 90.48091000),
(316, 62, 'Gangni ', 'গাংনী', 23.82065200, 88.74218300),
(317, 62, 'Mujib Nagar ', 'মুজিব নগর', 23.64684600, 88.59276100),
(318, 62, 'Meherpur Sadar ', 'মেহেরপুর সদর', 23.77804600, 88.65093900),
(319, 63, 'Narail Sadar', 'নড়াইল সদর', 23.16570000, 89.49900000),
(320, 63, 'Lohagara', 'লোহাগাড়া', 23.16757900, 89.64399200),
(321, 63, 'Kalia', 'কালিয়া', 23.02462900, 89.64399200),
(322, 64, 'Satkhira Sadar ', 'সাতক্ষীরা সদর', 22.73616300, 89.03704800),
(323, 64, 'Assasuni ', 'আসসাশুনি', 22.54631900, 89.18964300),
(324, 64, 'Debhata ', 'দেভাটা', 22.58094600, 88.98924500),
(325, 64, 'Tala ', 'তালা', 22.76093300, 89.20867700),
(326, 64, 'Kalaroa ', 'কলারোয়া', 22.87915000, 89.03704800),
(327, 64, 'Kaliganj ', 'কালীগঞ্জ', 23.96447800, 90.57307100),
(328, 64, 'Shyamnagar ', 'শ্যামনগর', 21.95016800, 89.17060000),
(329, 18, 'Adamdighi', 'আদমদিঘী', 24.82992500, 89.03704800),
(330, 18, 'Bogra Sadar', 'বগুড়া সদর', 24.87904200, 89.34166700),
(331, 18, 'Sherpur', 'শেরপুর', 24.64192000, 89.41746400),
(332, 18, 'Dhunat', 'ধুনট', 24.67796900, 89.54032800),
(333, 18, 'Dhupchanchia', 'দুপচাচিয়া', 24.88120000, 89.17774200),
(334, 18, 'Gabtali', 'গাবতলি', 24.87949700, 89.45530900),
(335, 18, 'Kahaloo', 'কাহালু', 24.83121600, 89.26572700),
(336, 18, 'Nandigram', 'নন্দিগ্রাম', 24.68856800, 89.22770300),
(337, 18, 'Sahajanpur', 'শাহজাহানপুর', 24.76042700, 89.36063000),
(338, 18, 'Sariakandi', 'সারিয়াকান্দি', 24.88877300, 89.57098400),
(339, 18, 'Shibganj', 'শিবগঞ্জ', 25.00056800, 89.32032300),
(340, 18, 'Sonatala', 'সোনাতলা', 25.01018300, 89.50256400),
(341, 19, 'Joypurhat S', 'জয়পুরহাট সদর', 25.11470000, 89.03700000),
(342, 19, 'Akkelpur', 'আক্কেলপুর', 24.96924600, 89.02032300),
(343, 19, 'Kalai', 'কালাই', 25.08003500, 89.19916100),
(344, 19, 'Khetlal', 'খেতলাল', 25.03800900, 89.10864800),
(345, 19, 'Panchbibi', 'পাঁচবিবি', 25.20975300, 89.07525000),
(346, 20, 'Naogaon Sadar ', 'নওগাঁ সদর', 24.78139000, 88.88388300),
(347, 20, 'Mohadevpur ', 'মহাদেবপুর', 24.91979200, 88.75180500),
(348, 20, 'Manda ', 'মান্দা', 24.75659300, 88.74940000),
(349, 20, 'Niamatpur ', 'নিয়ামতপুর', 24.83362300, 88.56981900),
(350, 20, 'Atrai ', 'আত্রাই', 24.59247300, 89.03704800),
(351, 20, 'Raninagar ', 'রাণীনগর', 24.72848600, 88.95575000),
(352, 20, 'Patnitala ', 'পত্নীতলা', 25.06492200, 88.73015300),
(353, 20, 'Dhamoirhat ', 'ধামইরহাট', 25.15039600, 88.85150300),
(354, 20, 'Sapahar ', 'সাপাহার', 25.13411100, 88.51785200),
(355, 20, 'Porsha ', 'পোরশা', 25.01533300, 88.49849900),
(356, 20, 'Badalgachhi ', 'বদলগাছি', 24.96848500, 88.91024900),
(357, 21, 'Natore Sadar ', 'নাটোর সদর', 24.40215800, 88.99881000),
(358, 21, 'Baraigram ', 'বড়াইগ্রাম', 24.28413700, 24.28413700),
(359, 21, 'Bagatipara ', 'বাগাতিপাড়া', 24.30240200, 88.96412600),
(360, 21, 'Lalpur ', 'লালপুর', 24.21174600, 88.96053600),
(362, 21, 'Baraigram ', 'বড়াই গ্রাম', 24.28410000, 89.13250000),
(363, 22, 'Bholahat ', 'ভোলাহাট', 24.91699900, 88.18766800),
(364, 22, 'Gomastapur ', 'গোমস্তাপুর', 24.87176800, 88.38219900),
(365, 22, 'Nachole ', 'নাচোল', 24.73266000, 88.41372800),
(366, 22, 'Nawabganj Sadar ', 'নবাবগঞ্জ সদর', 24.58560100, 88.26558400),
(367, 22, 'Shibganj ', 'শিবগঞ্জ', 24.68374800, 88.15719300),
(368, 23, 'Atgharia ', 'আটঘরিয়া', 24.11821200, 89.22770300),
(369, 23, 'Bera ', 'বেড়া', 24.07656300, 89.61457000),
(370, 23, 'Bhangura ', 'ভাঙ্গুরা', 24.24979200, 89.40799700),
(371, 23, 'Chatmohar ', 'চাটমোহর', 24.21369000, 89.30371500),
(372, 23, 'Faridpur ', 'ফরিদপুর', 23.54239200, 89.63089200),
(373, 23, 'Ishwardi ', 'ঈশ্বরদী', 24.07003200, 89.11341700),
(374, 23, 'Pabna Sadar ', 'পাবনা সদর', 24.02326400, 89.26572700),
(375, 23, 'Santhia ', 'সাথিয়া', 24.07187100, 89.53089000),
(376, 23, 'Sujanagar ', 'সুজানগর', 23.94215300, 89.42101400),
(377, 24, 'Bagha', 'বাঘা', 24.21092200, 88.84550400),
(378, 24, 'Bagmara', 'বাগমারা', 24.59083600, 88.80708900),
(379, 24, 'Charghat', 'চারঘাট', 24.27853100, 88.75180500),
(380, 24, 'Durgapur', 'দুর্গাপুর', 24.44799300, 88.76863800),
(381, 24, 'Godagari', 'গোদাগারি', 24.46873800, 88.44038800),
(382, 24, 'Mohanpur', 'মোহনপুর', 24.54485800, 88.63619600),
(383, 24, 'Paba', 'পবা', 24.43504800, 88.64343100),
(384, 24, 'Puthia', 'পুঠিয়া', 24.40107200, 88.84550400),
(385, 24, 'Tanore', 'তানোর', 24.63596600, 88.53719600),
(386, 25, 'Sirajganj Sadar ', 'সিরাজগঞ্জ সদর', 24.50017000, 89.68162100),
(387, 25, 'Belkuchi ', 'বেলকুচি', 24.31011400, 89.71921300),
(388, 25, 'Chauhali ', 'চৌহালি', 24.07239400, 89.75676900),
(389, 25, 'Kamarkhanda ', 'কামারখান্দা', 24.39317100, 89.65340300),
(390, 25, 'Kazipur ', 'কাজীপুর', 24.69020800, 89.68162100),
(391, 25, 'Raiganj ', 'রায়গঞ্জ', 24.49977900, 89.53089000),
(392, 25, 'Shahjadpur ', 'শাহজাদপুর', 24.19094000, 89.58748200),
(393, 25, 'Tarash ', 'তারাশ', 24.43089100, 89.37247700),
(394, 25, 'Ullahpara ', 'উল্লাপাড়া', 24.35719200, 89.53089000),
(395, 26, 'Birampur ', 'বিরামপুর', 25.38994600, 88.99163600),
(396, 26, 'Birganj', 'বীরগঞ্জ', 25.89344800, 88.67235800),
(397, 26, 'Biral ', 'বিড়াল', 25.63186800, 88.53719600),
(398, 26, 'Bochaganj ', 'বোচাগঞ্জ', 25.79972200, 88.46218900),
(399, 26, 'Chirirbandar ', 'চিরিরবন্দর', 25.65033700, 88.77705200),
(400, 26, 'Phulbari ', 'ফুলবাড়ি', 25.44544400, 88.88388300),
(401, 26, 'Ghoraghat ', 'ঘোড়াঘাট', 25.30525000, 89.18964300),
(402, 26, 'Hakimpur ', 'হাকিমপুর', 25.29266900, 89.06570300),
(403, 26, 'Kaharole ', 'কাহারোল', 25.82157400, 88.57585700),
(404, 26, 'Khansama ', 'খানসামা', 25.87064000, 88.76863800),
(405, 26, 'Dinajpur Sadar ', 'দিনাজপুর সদর', 25.58562400, 88.65307500),
(406, 26, 'Nawabganj', 'নবাবগঞ্জ', 24.74131100, 88.29120700),
(407, 26, 'Parbatipur ', 'পার্বতীপুর', 25.65439000, 88.91623900),
(408, 27, 'Fulchhari', 'ফুলছড়ি', 25.25962400, 89.64399200),
(409, 27, 'Gaibandha sadar', 'গাইবান্ধা সদর', 25.35424300, 89.56862700),
(410, 27, 'Gobindaganj', 'গোবিন্দগঞ্জ', 25.14041800, 89.43639100),
(411, 27, 'Palashbari', 'পলাশবাড়ী', 25.27064700, 89.38905700),
(412, 27, 'Sadullapur', 'সাদুল্যাপুর', 25.39093900, 89.46594600),
(413, 27, 'Saghata', 'সাঘাটা', 25.12311100, 89.58276900),
(414, 27, 'Sundarganj', 'সুন্দরগঞ্জ', 25.56436200, 89.51909000),
(415, 28, 'Kurigram Sadar', 'কুড়িগ্রাম সদর', 25.81034600, 89.64869800),
(416, 28, 'Nageshwari', 'নাগেশ্বরী', 25.97024700, 89.75676900),
(417, 28, 'Bhurungamari', 'ভুরুঙ্গামারি', 26.11195800, 89.68162100),
(418, 28, 'Phulbari', 'ফুলবাড়ি', 25.44544400, 88.88388300),
(419, 28, 'Rajarhat', 'রাজারহাট', 25.78043500, 89.53089000),
(420, 28, 'Ulipur', 'উলিপুর', 25.65642000, 89.62045600),
(421, 28, 'Chilmari', 'চিলমারি', 25.58104100, 89.66163500),
(422, 28, 'Rowmari', 'রউমারি', 25.59169600, 89.83177300),
(423, 28, 'Char Rajibpur', 'চর রাজিবপুর', 25.46132400, 89.76615300),
(424, 29, 'Lalmanirhat Sadar', 'লালমনিরহাট সদর', 25.87481900, 89.45530900),
(425, 29, 'Aditmari', 'আদিতমারি', 25.92182600, 89.37958300),
(426, 29, 'Kaliganj', 'কালীগঞ্জ', 25.96859800, 89.26572700),
(427, 29, 'Hatibandha', 'হাতিবান্ধা', 26.14222200, 89.13487000),
(428, 29, 'Patgram', 'পাটগ্রাম', 26.35695100, 89.00837300),
(429, 30, 'Nilphamari Sadar', 'নীলফামারী সদর', 25.98936300, 88.82630100),
(430, 30, 'Saidpur', 'সৈয়দপুর', 25.78295400, 88.89826700),
(431, 30, 'Jaldhaka', 'জলঢাকা', 26.01966400, 89.01659100),
(432, 30, 'Kishoreganj', 'কিশোরগঞ্জ', 25.92021300, 89.07525000),
(433, 30, 'Domar', 'ডোমার', 26.15466200, 88.80708900),
(434, 30, 'Dimla', 'ডিমলা', 26.17961000, 88.97967800),
(435, 31, 'Panchagarh Sadar', 'পঞ্চগড় সদর', 26.38911000, 88.61448400),
(436, 31, 'Debiganj', 'দেবীগঞ্জ', 26.10674600, 88.73015300),
(437, 31, 'Boda', 'বোদা', 26.24744000, 88.61448400),
(438, 31, 'Atwari', 'আটোয়ারি', 26.24545400, 88.42100100),
(439, 31, 'Tetulia', 'তেতুলিয়া', 26.51700700, 88.43069500),
(440, 32, 'Badarganj', 'বদরগঞ্জ', 25.65396800, 89.07047700),
(441, 32, 'Mithapukur', 'মিঠাপুকুর', 25.61373300, 89.28472500),
(442, 32, 'Gangachara', 'গঙ্গাচরা', 25.87379200, 89.22770300),
(443, 32, 'Kaunia', 'কাউনিয়া', 25.77416600, 89.43166000),
(444, 32, 'Rangpur Sadar', 'রংপুর সদর', 25.73181400, 89.22770300),
(445, 32, 'Pirgachha', 'পীরগাছা', 25.68534900, 89.41746400),
(446, 32, 'Pirganj', 'পীরগঞ্জ', 25.43621800, 89.31320600),
(447, 32, 'Taraganj', 'তারাগঞ্জ', 25.77801800, 89.03704800),
(448, 33, 'Thakurgaon Sadar ', 'ঠাকুরগাঁও সদর', 26.08028700, 88.44038800),
(449, 33, 'Pirganj ', 'পীরগঞ্জ', 25.81912300, 88.34336200),
(450, 33, 'Baliadangi ', 'বালিয়াডাঙ্গি', 26.09023400, 88.27531400),
(451, 33, 'Haripur ', 'হরিপুর', 25.86409000, 88.14865700),
(452, 33, 'Ranisankail ', 'রাণীসংকইল', 25.89204600, 88.25828600),
(453, 51, 'Ajmiriganj', 'আজমিরিগঞ্জ', 24.54892200, 91.23617100),
(454, 51, 'Baniachang', 'বানিয়াচং', 24.50632200, 91.35656900),
(455, 51, 'Bahubal', 'বাহুবল', 24.34124800, 91.53781100),
(456, 51, 'Chunarughat', 'চুনারুঘাট', 24.18432900, 91.48214800),
(457, 51, 'Habiganj Sadar', 'হবিগঞ্জ সদর', 24.35126300, 91.42414300),
(458, 51, 'Lakhai', 'লাক্ষাই', 24.30509200, 91.26984700),
(459, 51, 'Madhabpur', 'মাধবপুর', 24.09982200, 91.29632700),
(460, 51, 'Nabiganj', 'নবীগঞ্জ', 24.56718800, 91.51360100),
(461, 51, 'Shaistagonj ', 'শায়েস্তাগঞ্জ', 24.27669700, 91.45555300),
(462, 52, 'Moulvibazar Sadar', 'মৌলভীবাজার', 24.46706400, 91.71495800),
(463, 52, 'Barlekha', 'বড়লেখা', 24.72192700, 92.20399300),
(464, 52, 'Juri', 'জুড়ি', 24.58006000, 92.16467200),
(465, 52, 'Kamalganj', 'কামালগঞ্জ', 24.27514800, 91.87086100),
(466, 52, 'Kulaura', 'কুলাউরা', 24.52546400, 92.03466600),
(467, 52, 'Rajnagar', 'রাজনগর', 24.56022900, 91.87086100),
(468, 52, 'Sreemangal', 'শ্রীমঙ্গল', 24.30096000, 91.69550900),
(469, 53, 'Bishwamvarpur', 'বিসশম্ভারপুর', 25.09875700, 91.29993900),
(470, 53, 'Chhatak', 'ছাতক', 25.03874700, 91.66999600),
(471, 53, 'Derai', 'দেড়াই', 24.75523300, 91.40482500),
(472, 53, 'Dharampasha', 'ধরমপাশা', 24.89932400, 91.01195100),
(473, 53, 'Dowarabazar', 'দোয়ারাবাজার', 25.10940300, 91.57899900),
(474, 53, 'Jagannathpur', 'জগন্নাথপুর', 24.75371000, 91.55961200),
(475, 53, 'Jamalganj', 'জামালগঞ্জ', 24.97066400, 91.19291100),
(476, 53, 'Sulla', 'সুল্লা', 24.67042300, 91.26262900),
(477, 53, 'Sunamganj Sadar', 'সুনামগঞ্জ সদর', 25.01645300, 91.38551600),
(478, 53, 'Shanthiganj', 'শান্তিগঞ্জ', 24.93948234, 91.41026798),
(479, 53, 'Tahirpur', 'তাহিরপুর', 25.09904900, 91.17550000),
(480, 54, 'Sylhet Sadar', 'সিলেট সদর', 24.96444700, 91.81233200),
(481, 54, 'Beanibazar', 'বেয়ানিবাজার', 24.82196100, 92.15853100),
(482, 54, 'Bishwanath', 'বিশ্বনাথ', 24.82300400, 91.73441600),
(483, 54, 'Dakshin Surma ', 'দক্ষিণ সুরমা', 24.82112300, 91.89038800),
(484, 54, 'Balaganj', 'বালাগঞ্জ', 24.68012800, 91.77335700),
(485, 54, 'Companiganj', 'কোম্পানিগঞ্জ', 25.08816700, 91.75509900),
(486, 54, 'Fenchuganj', 'ফেঞ্চুগঞ্জ', 24.68945000, 91.97836700),
(487, 54, 'Golapganj', 'গোলাপগঞ্জ', 24.85806300, 92.01507600),
(488, 54, 'Gowainghat', 'গোয়াইনঘাট', 25.10476700, 91.96858300),
(489, 54, 'Jaintiapur', 'জয়ন্তপুর', 25.13378300, 92.12170400),
(490, 54, 'Kanaighat', 'কানাইঘাট', 25.00882000, 92.25565400),
(491, 54, 'Zakiganj', 'জাকিগঞ্জ', 24.87812100, 92.36778900),
(492, 54, 'Nobigonj', 'নবীগঞ্জ', 24.56718800, 91.51360100),
(493, 1, 'Adabor', 'আদাবর', 23.76931390, 90.35281430),
(494, 1, 'Airport,Biman Bandar', 'বিমান বন্দর', 23.84661500, 90.40043470),
(495, 1, 'Badda', 'বাড্ডা', 23.78628420, 90.41200260),
(496, 1, 'Banani', 'বনানী', 23.79469760, 90.39714120),
(497, 1, 'Bangshal', 'বাংশাল', 23.71711420, 90.39867280),
(498, 1, 'Bhashantek', 'ভাষানটেক', 23.80881070, 90.38950990),
(499, 1, 'Cantonment', 'ক্যান্টনমেন্ট', 23.82558740, 90.37818590),
(500, 1, 'Chackbazar', 'চকবাজার', 23.71673880, 90.39517260),
(501, 1, 'Darussalam', 'দারুস সালাম', 23.77871520, 90.35144180),
(502, 1, 'Daskhinkhan', 'দক্ষিণখান', 23.85957220, 90.42241820),
(503, 1, 'Demra', 'ডেমরা', 23.72151260, 90.46228390),
(504, 1, 'Dhamrai', 'ধামরাই', 23.91748960, 90.21373100),
(505, 1, 'Dhanmondi', 'ধানমন্ডি', 23.74703040, 90.36710720),
(506, 1, 'Dohar', 'দোহার', 23.61786060, 90.11718480),
(507, 1, 'Gandaria', 'গেন্ডারিয়া', 23.70221790, 90.42442790),
(508, 1, 'Gulshan', 'গুলশান', 23.78970770, 90.39292480),
(509, 1, 'Hazaribag', 'হাজারিবাগ', 23.73499270, 90.35273350),
(510, 1, 'Jatrabari', 'যাত্রাবাড়ি', 23.71525100, 90.41767600),
(511, 1, 'Kafrul', 'কাফরুল', 23.79095690, 90.37311660),
(512, 1, 'Kalabagan', 'কলাবাগান', 23.74649420, 90.37818360),
(513, 1, 'Kamrangirchar', 'কামরাঙ্গীরচর', 23.72115030, 90.36465140),
(514, 1, 'Keraniganj', 'কেরানীগঞ্জ', 23.69437600, 90.33755000),
(515, 1, 'Khilgaon', 'খিলগাঁও', 23.74966510, 90.41903140),
(516, 1, 'Khilkhet', 'খিলখেত', 23.83132080, 90.42202600),
(517, 1, 'Kotwali', 'কোতোয়ালী', 23.70918460, 90.40302250),
(518, 1, 'Lalbag', 'লালবাগ', 23.71954110, 90.38591000),
(519, 1, 'Mirpur Model', 'মিরপুর', 23.80404070, 90.35681720),
(520, 1, 'Mohammadpur', 'মোহাম্মদপুর', 23.76457840, 90.35101530),
(521, 1, 'Motijheel', 'মতিঝিল', 23.73546740, 90.40955250),
(522, 1, 'Mugda', 'মুগদা', 23.73201230, 90.42782840),
(523, 1, 'Nawabganj', 'নবাবগঞ্জ', 23.65334870, 90.14498950),
(524, 1, 'New Market', 'নিউ মার্কেট', 23.73302950, 90.38249530),
(525, 1, 'Pallabi', 'পল্লবি', 23.83212490, 90.34304360),
(526, 1, 'Paltan', 'পল্টন', 23.73602630, 90.41193770),
(527, 1, 'Ramna', 'রমনা', 23.74294620, 90.38466010),
(528, 1, 'Rampura', 'রামপুরা', 23.76083430, 90.41241360),
(529, 1, 'Rupnagar', 'রূপনগর', 23.77685360, 90.43508950),
(530, 1, 'Sabujbag', 'সবুজবাগ', 23.77683380, 90.40116420),
(531, 1, 'Savar', 'সাভার', 23.88568910, 90.13302750),
(532, 1, 'Shah Ali', 'শাহ আলী', 23.80542750, 90.34668630),
(533, 1, 'Shahbag', 'শাহবাগ', 23.74033930, 90.39191370),
(534, 1, 'Shahjahanpur', 'শাহজাহানপুর', 23.73941850, 90.42063120),
(535, 1, 'Sherebanglanagar', 'শেরে বাংলা নগর', 23.77124020, 90.36431360),
(536, 1, 'Shyampur', 'শ্যামপুর', 23.68727090, 90.42698620),
(537, 1, 'Sutrapur', 'সূত্রাপুর', 23.71123950, 90.41348270),
(538, 1, 'Tejgaon', 'তেজগাঁও', 23.76369710, 90.37069060),
(539, 1, 'Tejgaon I/A', '', 23.76071200, 90.39866970),
(540, 1, 'Turag', 'তুরাগ', 23.89230080, 90.35204040),
(541, 1, 'Uttara', 'উত্তরা', 23.87663260, 90.36077840),
(542, 1, 'Uttara West', 'উত্তরা (পূর্ব)', 23.87194380, 90.37447910),
(543, 1, 'Uttarkhan', 'উত্তরখান', 23.87261090, 90.42564990),
(544, 1, 'Vatara', 'ভাটারা', 23.80486030, 90.42322530),
(545, 1, 'Wari', 'ওয়ারী', 23.71835410, 90.41572300),
(547, 35, 'Airport', 'বিমান বন্দর', 22.79873400, 90.29983900),
(548, 35, 'Kawnia', 'কাউনিয়া থানা', 22.71779300, 90.35836100),
(549, 35, 'Bondor', 'বন্দর থানা', 22.70221000, 90.36963200),
(551, 24, 'Boalia', 'বোয়ালিয়া থানা', 24.36948600, 88.61931000),
(552, 24, 'Motihar', 'মতিহার থানা', 24.36049100, 88.62811200),
(553, 24, 'Shahmokhdum', 'শাহমখদুম থানা', 24.39524500, 88.64724100),
(554, 24, 'Rajpara', 'রাজপাড়া থানা', 24.37350800, 88.57223400),
(556, 43, 'Akborsha', 'আকবর শাহ', 22.36297740, 91.79275484),
(557, 43, 'Baijid bostami', 'বায়েজীদ বস্তামি থানা', 22.38923300, 91.80905700),
(558, 43, 'Bakolia', 'বাকলিয়া থানা', 22.35583000, 91.84486400),
(559, 43, 'Bandar', 'বান্দার', 22.31041600, 91.80136700),
(560, 43, 'Chandgaon', 'চান্দগাঁও থানা', 22.39798000, 91.85744600),
(561, 43, 'Chokbazar', 'চকবাজার থানা', 22.35177400, 91.83305300),
(562, 43, 'Doublemooring', 'ডবলমুরিং থানা', 22.32971500, 91.80745900),
(563, 43, 'EPZ', 'ইপিজেড থানা', 22.28895100, 91.77679400),
(564, 43, 'Hali Shohor', 'হালিশহর থানা', 22.32172800, 91.78667800),
(565, 43, 'Kornafuli', 'কর্ণফুলী', 22.58188200, 92.10685600),
(566, 43, 'Kotwali', 'কোতয়ালী থানা', 22.34141500, 91.82695700),
(567, 43, 'Khulshi', 'খুলশী থানা', 22.35890000, 91.81259000),
(568, 43, 'Pahartali', 'পাহাড়তলী থানা', 22.36578800, 91.77822700),
(569, 43, 'Panchlaish', 'পাঁচলাইশ থানা', 22.36218700, 91.83427200),
(570, 43, 'Potenga', 'পতেঙ্গা থানা', 22.23520200, 91.79139400),
(571, 43, 'Shodhorgat', 'সদরঘাট থানা', 22.32981900, 91.83115300),
(574, 59, 'Aranghata', 'আরংঘাটা', 22.87252352, 89.50063282),
(575, 59, 'Daulatpur', 'দৌলতপুর', 22.86344500, 89.51673000),
(577, 59, 'Horintana', 'হরিনটানা', 22.79556400, 89.52956200),
(578, 59, 'Khalishpur', 'খালিশপুর থানা', 22.85813200, 89.54607800),
(579, 59, 'Khanjahan Ali', 'খানজাহান আলী থানা', 22.65846200, 89.75855200),
(582, 59, 'Sonadanga', 'সোনাডাঙ্গা থানা', 22.82478100, 89.53796900),
(587, 54, 'Airport', 'বিমান বন্দর', 24.95799500, 91.87094600),
(588, 54, 'Hazrat Shah Paran', 'হযরত শাহপরান থানা', 24.90507900, 91.93557800),
(589, 54, 'Jalalabad', 'জালালাবাদ থানা', 24.89492900, 91.86870600),
(590, 54, 'Kowtali', 'কোতোয়ালী থানা', 24.88891600, 91.86537100),
(591, 54, 'Moglabazar', 'মোগলাবাজার থানা', 24.85213400, 91.89083900),
(592, 54, 'Osmani Nagar', 'ওসমানীনগর', 24.71901900, 91.74658100),
(593, 54, 'South Surma', 'দক্ষিণ সুরমা থানা', 24.82112300, 91.89038800);
SET FOREIGN_KEY_CHECKS=1;
COMMIT;

/*!40101 SET CHARACTER_SET_CLIENT=@OLD_CHARACTER_SET_CLIENT */;
/*!40101 SET CHARACTER_SET_RESULTS=@OLD_CHARACTER_SET_RESULTS */;
/*!40101 SET COLLATION_CONNECTION=@OLD_COLLATION_CONNECTION */;
